Path,Modified_Time,Size_Bytes
00_data/raw/rawdata.xlsx,2026-06-04 19:01:04,545020
01_twfe/scripts/03_dynamic_gmm.py,2026-06-08 18:36:35,7299
01_twfe/scripts/04_heterogeneity.py,2026-06-08 18:36:49,7760
01_twfe/scripts/05_ekc_test.py,2026-06-08 18:36:49,8788
01_twfe/scripts/06_interaction.py,2026-06-08 18:36:50,7431
01_twfe/output/tables/gmm_results.csv,2026-06-08 18:49:25,2673
01_twfe/output/tables/heterogeneity_results.csv,2026-06-08 18:49:27,24134
01_twfe/output/tables/interaction_results.csv,2026-06-08 18:49:31,4901
02_ml/scripts/02_ml_by_wetland.py,2026-06-07 00:30:20,13740
02_ml/scripts/03_ml_by_wetland_cluster.py,2026-06-07 00:30:20,15220
02_ml/scripts/04_dependence_analysis.py,2026-06-07 00:30:20,12054
02_ml/scripts/05_partial_effect.py,2026-06-07 00:11:00,14119
02_ml/output/tables/shap_global.csv,2026-06-07 00:33:02,3638
02_ml/output/tables/shap_by_cluster.csv,2026-06-07 00:33:51,21782
02_ml/output/tables/dependence_summary.csv,2026-06-07 00:33:57,35345
02_ml/output/tables/partial_effect_summary.csv,2026-06-07 00:34:09,40610
02_ml/output/tables/sample_matrix.csv,2026-06-08 18:49:55,260
figures/dissertation/01_in_text_figures/Figure_14_risk_warning_matrix.png,2026-06-26 15:30:15,231072
