Outcome,Specification,Variable,Coef,SE,p_value,CI_low,CI_high,R2_within,N,N_cities,Cluster,Error
Mangrove,regional_baseline,Temp_Mean_C,-0.0026575439581125004,0.049356244723113854,0.9571527779112285,-0.10042276570622645,0.09510767779000144,-4.960905081166502,154,7,BBG,
Mangrove,regional_baseline,Precip_Sum_mm,-4.8749865000001995e-05,3.151521363603131e-05,0.12464272968327017,-0.00011117543782975356,1.3675707829749573e-05,-4.960905081166502,154,7,BBG,
Mangrove,regional_baseline,Evap_Sum_mm,0.000620442589327194,0.00023212866311252806,0.008614605972278033,0.00016064038292752962,0.0010802447957268585,-4.960905081166502,154,7,BBG,
Mangrove,regional_baseline,MODIS_Urban_Area_sqkm,-0.0036405932031201406,0.0020623550647166883,0.08017440033326007,-0.0077257216677447975,0.0004445352615045162,-4.960905081166502,154,7,BBG,
Mangrove,regional_baseline,Impervious_sqkm,-0.00015204476044678713,0.0002445049926769249,0.535273180441145,-0.000636362093778796,0.00033227257288522184,-4.960905081166502,154,7,BBG,
Mangrove,regional_baseline,Unified_NTL_Index,0.011233724003439161,0.005748108288686265,0.05308917323921203,-0.0001521722418724794,0.0226196202487508,-4.960905081166502,154,7,BBG,
Mangrove,regional_baseline,GDP_per_capita,-7.111293928071483e-06,2.041602884704322e-06,0.0007017036449719072,-1.1155316318033298e-05,-3.067271538109667e-06,-4.960905081166502,154,7,BBG,
Mangrove,regional_baseline,Secondary_GDP_Share,0.010133243773316076,0.0017427074957143119,5.550740156401446e-08,0.006681275623866859,0.013585211922765295,-4.960905081166502,154,7,BBG,
Mangrove,regional_baseline,Total_Population,5.020490338686886e-07,2.2914428617869426e-07,0.030470558030758266,4.815830380505877e-08,9.559397639323185e-07,-4.960905081166502,154,7,BBG,
Mangrove,regional_baseline,Pop_Density,-0.010671946986040938,0.0031028632814678924,0.0008130205139911251,-0.01681812197298696,-0.004525771999094915,-4.960905081166502,154,7,BBG,
Mangrove,regional_baseline,Cropland_sqkm,-0.0003341629165782058,6.342332164892943e-05,6.490450537022241e-07,-0.00045979231038226404,-0.00020853352277414754,-4.960905081166502,154,7,BBG,
Mangrove,regional_baseline,__model__,,,,,,,374,17,BYS,division by zero
Mangrove,regional_baseline,Temp_Mean_C,-0.018044393143862192,0.09247935411543695,0.8455527944294043,-0.20070861120099584,0.16461982491327146,-0.4993381194645765,198,9,HX,
Mangrove,regional_baseline,Precip_Sum_mm,7.651941491545393e-05,6.355568674490274e-05,0.23041156313878552,-4.901508879496852e-05,0.00020205391862587637,-0.4993381194645765,198,9,HX,
Mangrove,regional_baseline,Evap_Sum_mm,-0.0002735682773167928,0.0001728938245255678,0.11559565204917055,-0.0006150662858825601,6.79297312489745e-05,-0.4993381194645765,198,9,HX,
Mangrove,regional_baseline,MODIS_Urban_Area_sqkm,-0.00036061361653755107,0.0008145821889225314,0.6585937661579595,-0.0019695675285325434,0.0012483402954574414,-0.4993381194645765,198,9,HX,
Mangrove,regional_baseline,Impervious_sqkm,-0.0005281107670992885,0.0002507713469249116,0.03679994166142242,-0.001023431613955494,-3.278992024308288e-05,-0.4993381194645765,198,9,HX,
Mangrove,regional_baseline,Unified_NTL_Index,-0.01694482827711182,0.006848369207987443,0.014414053671235827,-0.03047165292147604,-0.0034180036327476036,-0.4993381194645765,198,9,HX,
Mangrove,regional_baseline,GDP_per_capita,3.495648906486798e-06,1.526968208586331e-06,0.023396030831051684,4.795978485246008e-07,6.511699964448995e-06,-0.4993381194645765,198,9,HX,
Mangrove,regional_baseline,Secondary_GDP_Share,-0.003795615027259117,0.001970825015645103,0.05592371293375753,-0.007688367240481579,9.713718596334473e-05,-0.4993381194645765,198,9,HX,
Mangrove,regional_baseline,Total_Population,5.359216792518528e-08,7.585056000432381e-08,0.48089379869510807,-9.622703620864584e-08,2.034113720590164e-07,-0.4993381194645765,198,9,HX,
Mangrove,regional_baseline,Pop_Density,-0.00023697448762068928,0.0001792248972790941,0.18801843783208327,-0.0005909775624798712,0.00011702858723849265,-0.4993381194645765,198,9,HX,
Mangrove,regional_baseline,Cropland_sqkm,-0.0007271291676671222,0.00015436539552381005,5.4032457805774925e-06,-0.0010320300240597836,-0.0004222283112744609,-0.4993381194645765,198,9,HX,
Mangrove,regional_baseline,Temp_Mean_C,0.03392809065689964,0.17644717795075784,0.8477676998318637,-0.31458846308688415,0.3824446444006834,-0.16779089594087915,198,9,PRD,
Mangrove,regional_baseline,Precip_Sum_mm,-5.811244723161999e-05,6.347754559040707e-05,0.36134346991363,-0.0001834926073804923,6.726771291725234e-05,-0.16779089594087915,198,9,PRD,
Mangrove,regional_baseline,Evap_Sum_mm,-0.0003222138087627048,0.0002590637402832439,0.21544079780855263,-0.0008339137011162568,0.00018948608359084713,-0.16779089594087915,198,9,PRD,
Mangrove,regional_baseline,MODIS_Urban_Area_sqkm,-0.0004943982179403732,0.0014340645211762008,0.7307413722498826,-0.003326946919320226,0.0023381504834394796,-0.16779089594087915,198,9,PRD,
Mangrove,regional_baseline,Impervious_sqkm,0.0004275791822305838,0.0005708620940972696,0.45497425381225765,-0.0006999814396415526,0.0015551398041027203,-0.16779089594087915,198,9,PRD,
Mangrove,regional_baseline,Unified_NTL_Index,0.0025405818518143162,0.008270439826158191,0.7591071779223078,-0.013795101266690393,0.018876264970319027,-0.16779089594087915,198,9,PRD,
Mangrove,regional_baseline,GDP_per_capita,3.595477442956454e-07,5.983372550063729e-07,0.5487654763899759,-8.222815176579373e-07,1.541377006249228e-06,-0.16779089594087915,198,9,PRD,
Mangrove,regional_baseline,Secondary_GDP_Share,0.0008000944179308657,0.0029004108327917123,0.7830217782482021,-0.004928765627469276,0.006528954463331007,-0.16779089594087915,198,9,PRD,
Mangrove,regional_baseline,Total_Population,5.5325786955583945e-08,6.16182430252675e-08,0.37062440242330874,-6.638189891574417e-08,1.7703347282691206e-07,-0.16779089594087915,198,9,PRD,
Mangrove,regional_baseline,Pop_Density,-0.00011873370828322347,0.0001317612538198137,0.36890071337731034,-0.0003789871089415036,0.0001415196923750567,-0.16779089594087915,198,9,PRD,
Mangrove,regional_baseline,Cropland_sqkm,0.0004083645773327716,0.00011787168215869795,0.0006850338992465677,0.00017554570809930298,0.0006411834465662402,-0.16779089594087915,198,9,PRD,
Mangrove,regional_baseline,Temp_Mean_C,0.004751117346494528,0.03014791262230259,0.8749368554459362,-0.05469925624458511,0.06420149093757417,0.0935758492772133,242,11,YRD,
Mangrove,regional_baseline,Precip_Sum_mm,9.396342977671404e-05,4.589630645827052e-05,0.041942849329682286,3.4579078993434646e-06,0.0001844689516540846,0.0935758492772133,242,11,YRD,
Mangrove,regional_baseline,Evap_Sum_mm,-0.00029498209559679345,0.00017978718293018878,0.10243322752697548,-0.0006495146075485664,5.9550416354979476e-05,0.0935758492772133,242,11,YRD,
Mangrove,regional_baseline,MODIS_Urban_Area_sqkm,-0.0002054042192200983,0.00013906947475703237,0.1412590951989614,-0.0004796431800728823,6.88347416326857e-05,0.0935758492772133,242,11,YRD,
Mangrove,regional_baseline,Impervious_sqkm,0.0001701672427991812,0.00025968623493292166,0.51304415695518,-0.00034192272762889196,0.0006822572132272543,0.0935758492772133,242,11,YRD,
Mangrove,regional_baseline,Unified_NTL_Index,0.0022560164610608223,0.0042706471331667335,0.597906775601547,-0.006165514101377308,0.010677547023498954,0.0935758492772133,242,11,YRD,
Mangrove,regional_baseline,GDP_per_capita,9.783723781787716e-08,6.127128603562748e-07,0.8732960772487313,-1.1104058969088896e-06,1.3060803725446441e-06,0.0935758492772133,242,11,YRD,
Mangrove,regional_baseline,Secondary_GDP_Share,0.0008990849792438857,0.003452157572712032,0.7947925516384777,-0.005908419738053854,0.007706589696541626,0.0935758492772133,242,11,YRD,
Mangrove,regional_baseline,Total_Population,4.487648734198203e-08,8.29678147653578e-08,0.589188119436556,-1.1873243794683254e-07,2.0848541263079662e-07,0.0935758492772133,242,11,YRD,
Mangrove,regional_baseline,Pop_Density,-0.00023791877302254425,0.0004857933761033117,0.6248481340080225,-0.0011958822001836233,0.0007200446541385347,0.0935758492772133,242,11,YRD,
Mangrove,regional_baseline,Cropland_sqkm,6.904565010484209e-06,0.00027886818338610447,0.9802718105304384,-0.0005430113742013426,0.000556820504222311,0.0935758492772133,242,11,YRD,
Tidal_Flat,regional_baseline,Temp_Mean_C,-0.00445138366737284,0.054874260125205014,0.9354877664120793,-0.11314673193587647,0.10424396460113079,-1.8146970770732906,154,7,BBG,
Tidal_Flat,regional_baseline,Precip_Sum_mm,-2.0683386350746065e-05,2.947244533708382e-05,0.4842297218125329,-7.906262832921445e-05,3.769585562772232e-05,-1.8146970770732906,154,7,BBG,
Tidal_Flat,regional_baseline,Evap_Sum_mm,-0.0005462672800770618,0.00016861275541116264,0.0015644079252972176,-0.0008802566975218018,-0.00021227786263232188,-1.8146970770732906,154,7,BBG,
Tidal_Flat,regional_baseline,MODIS_Urban_Area_sqkm,0.0066244289987510705,0.001866396193118044,0.0005604931629388243,0.002927457344735221,0.01032140065276692,-1.8146970770732906,154,7,BBG,
Tidal_Flat,regional_baseline,Impervious_sqkm,1.4278458881958795e-05,0.00029054149905469173,0.9608895501227135,-0.000561228333449209,0.0005897852512131265,-1.8146970770732906,154,7,BBG,
Tidal_Flat,regional_baseline,Unified_NTL_Index,0.00533403321771501,0.010750641060716564,0.6207288255848975,-0.015960917667053688,0.02662898410248371,-1.8146970770732906,154,7,BBG,
Tidal_Flat,regional_baseline,GDP_per_capita,1.7399170304466756e-06,1.8462999472811899e-06,0.34797337758256175,-1.917247828267655e-06,5.397081889161007e-06,-1.8146970770732906,154,7,BBG,
Tidal_Flat,regional_baseline,Secondary_GDP_Share,-0.004747550526151725,0.0021633376279553344,0.030205947518527232,-0.009032706013559495,-0.00046239503874395595,-1.8146970770732906,154,7,BBG,
Tidal_Flat,regional_baseline,Total_Population,-8.4907757814801e-07,2.2904875609081479e-07,0.00032423917361135146,-1.302779081493166e-06,-3.9537607480285413e-07,-1.8146970770732906,154,7,BBG,
Tidal_Flat,regional_baseline,Pop_Density,0.012675082959320681,0.003063201035749919,6.70371416238158e-05,0.006607471247789936,0.018742694670851427,-1.8146970770732906,154,7,BBG,
Tidal_Flat,regional_baseline,Cropland_sqkm,0.0005370889232750718,9.728123350318046e-05,2.1168948194372206e-07,0.00034439352234408164,0.0007297843242060619,-1.8146970770732906,154,7,BBG,
Tidal_Flat,regional_baseline,Temp_Mean_C,-0.05918823056312775,0.03520381417110274,0.09366499903275582,-0.12844434485835765,0.01006788373210217,0.17471548647834767,374,17,BYS,
Tidal_Flat,regional_baseline,Precip_Sum_mm,4.993834609698948e-05,0.00012871621839792758,0.698290415176607,-0.00020328379312035917,0.0003031604853143381,0.17471548647834767,374,17,BYS,
Tidal_Flat,regional_baseline,Evap_Sum_mm,0.0005054294369784632,0.00042936118253227875,0.2399905778590723,-0.0003392485569134444,0.0013501074308703708,0.17471548647834767,374,17,BYS,
Tidal_Flat,regional_baseline,MODIS_Urban_Area_sqkm,-0.0011414973060870964,0.0009551840668394413,0.2329369463741735,-0.0030206214425937713,0.0007376268304195785,0.17471548647834767,374,17,BYS,
Tidal_Flat,regional_baseline,Impervious_sqkm,-4.7616255035177905e-05,0.00042499642820831263,0.9108614995251596,-0.0008837075110565246,0.0007884750009861689,0.17471548647834767,374,17,BYS,
Tidal_Flat,regional_baseline,Unified_NTL_Index,-0.006187210226670919,0.015456527559239337,0.689200357612987,-0.03659468352053756,0.02422026306719572,0.17471548647834767,374,17,BYS,
Tidal_Flat,regional_baseline,GDP_per_capita,-1.907645853207276e-06,1.2204481030527686e-06,0.11900929452851017,-4.308621295970541e-06,4.933295895559883e-07,0.17471548647834767,374,17,BYS,
Tidal_Flat,regional_baseline,Secondary_GDP_Share,0.002421383944264535,0.004006494377360514,0.5460228345900249,-0.005460552688313252,0.010303320576842323,0.17471548647834767,374,17,BYS,
Tidal_Flat,regional_baseline,Total_Population,-3.7197329307668035e-07,3.1545034194868516e-07,0.23918831385842232,-9.92555620613241e-07,2.486090344598804e-07,0.17471548647834767,374,17,BYS,
Tidal_Flat,regional_baseline,Pop_Density,0.00630316104195729,0.0037101159105755164,0.09029270372366893,-0.0009957131738453388,0.01360203525775992,0.17471548647834767,374,17,BYS,
Tidal_Flat,regional_baseline,Cropland_sqkm,-0.0006721807543005983,0.0006259981764851123,0.2837204400164026,-0.0019037007551886273,0.0005593392465874305,0.17471548647834767,374,17,BYS,
Tidal_Flat,regional_baseline,Temp_Mean_C,-0.17462168057597088,0.10464863970430548,0.09718031391351034,-0.3813225396506218,0.03207917849868,-0.561977629633305,198,9,HX,
Tidal_Flat,regional_baseline,Precip_Sum_mm,-3.572289338338555e-05,4.72372749184334e-05,0.4506363151675623,-0.00012902544689554488,5.757966012877377e-05,-0.561977629633305,198,9,HX,
Tidal_Flat,regional_baseline,Evap_Sum_mm,-8.909396090981395e-05,0.000181421071104041,0.6240489997573011,-0.0004474348945082635,0.0002692469726886356,-0.561977629633305,198,9,HX,
Tidal_Flat,regional_baseline,MODIS_Urban_Area_sqkm,0.000860696351821549,0.00046176341819143283,0.06419838854686444,-5.1373747695373346e-05,0.0017727664513384712,-0.561977629633305,198,9,HX,
Tidal_Flat,regional_baseline,Impervious_sqkm,-0.00042541818846379334,9.380582318918037e-05,1.1369620323442575e-05,-0.0006107024338605412,-0.00024013394306704545,-0.561977629633305,198,9,HX,
Tidal_Flat,regional_baseline,Unified_NTL_Index,0.0017327707429033298,0.0023810090808225755,0.46785276984016,-0.0029701725907243775,0.006435714076531037,-0.561977629633305,198,9,HX,
Tidal_Flat,regional_baseline,GDP_per_capita,-4.146887452317226e-06,8.365289116368488e-07,1.8362670211047316e-06,-5.799190293182585e-06,-2.494584611451867e-06,-0.561977629633305,198,9,HX,
Tidal_Flat,regional_baseline,Secondary_GDP_Share,0.0024409968903869655,0.0016084438564539145,0.13112277638061554,-0.000735983984297927,0.005617977765071858,-0.561977629633305,198,9,HX,
Tidal_Flat,regional_baseline,Total_Population,-1.3737765311681453e-08,4.1238217901090605e-08,0.7394791814420172,-9.519104641450672e-08,6.771551579114382e-08,-0.561977629633305,198,9,HX,
Tidal_Flat,regional_baseline,Pop_Density,-0.00017148090079020982,9.772529934401685e-05,0.08125735481919794,-0.0003645068530129278,2.1545051432508193e-05,-0.561977629633305,198,9,HX,
Tidal_Flat,regional_baseline,Cropland_sqkm,0.00021538384371254477,7.15590965565481e-05,0.0030459626575132237,7.404109167449954e-05,0.00035672659575059,-0.561977629633305,198,9,HX,
Tidal_Flat,regional_baseline,Temp_Mean_C,0.6305522406336153,0.21729684420806958,0.0042438037718761645,0.20134986878309385,1.0597546124841366,-1.6041584772439248,198,9,PRD,
Tidal_Flat,regional_baseline,Precip_Sum_mm,0.0003169465864923548,8.264918475519644e-05,0.00018154125800107224,0.00015369881242677577,0.00048019436055793386,-1.6041584772439248,198,9,PRD,
Tidal_Flat,regional_baseline,Evap_Sum_mm,0.0006228619180976214,0.0002250961128555826,0.00633562840705415,0.00017825451533460927,0.0010674693208606336,-1.6041584772439248,198,9,PRD,
Tidal_Flat,regional_baseline,MODIS_Urban_Area_sqkm,-0.000609407454615026,0.0014403017365793016,0.6727933047988097,-0.003454275836266858,0.002235460927036806,-1.6041584772439248,198,9,PRD,
Tidal_Flat,regional_baseline,Impervious_sqkm,0.0012419841635854367,0.0010770746334516955,0.2506183044993995,-0.0008854419802330443,0.0033694103074039176,-1.6041584772439248,198,9,PRD,
Tidal_Flat,regional_baseline,Unified_NTL_Index,-0.00540137750306302,0.006287361967979686,0.39160346495941245,-0.017820106726556408,0.007017351720430367,-1.6041584772439248,198,9,PRD,
Tidal_Flat,regional_baseline,GDP_per_capita,-1.6702766836692218e-06,1.0316327145773907e-06,0.10744113607810668,-3.70794644177777e-06,3.673930744393265e-07,-1.6041584772439248,198,9,PRD,
Tidal_Flat,regional_baseline,Secondary_GDP_Share,-0.008730484118604057,0.005135069461049231,0.09107933542391633,-0.018873217669714053,0.0014122494325059364,-1.6041584772439248,198,9,PRD,
Tidal_Flat,regional_baseline,Total_Population,-1.0998066028602177e-07,4.102947598976444e-08,0.008135475996449815,-1.9102163662771571e-07,-2.893968394432783e-08,-1.6041584772439248,198,9,PRD,
Tidal_Flat,regional_baseline,Pop_Density,0.00018666489307181633,6.282897190515994e-05,0.003435434088280953,6.256578863750078e-05,0.00031076399750613187,-1.6041584772439248,198,9,PRD,
Tidal_Flat,regional_baseline,Cropland_sqkm,-0.00015233186086221868,0.00042655016087624135,0.7214775635757587,-0.0009948491161335473,0.0006901853944091099,-1.6041584772439248,198,9,PRD,
Tidal_Flat,regional_baseline,Temp_Mean_C,-0.020465976318015104,0.032478331045210196,0.5293242610875144,-0.08451183376899224,0.04357988113296204,-0.027121247299104256,242,11,YRD,
Tidal_Flat,regional_baseline,Precip_Sum_mm,2.829757364904549e-05,2.2751955049198867e-05,0.2150574622978545,-1.6568293004743946e-05,7.316344030283493e-05,-0.027121247299104256,242,11,YRD,
Tidal_Flat,regional_baseline,Evap_Sum_mm,-5.971847309556107e-05,0.0003423258418914787,0.8616897904067713,-0.0007347701572799535,0.0006153332110888314,-0.027121247299104256,242,11,YRD,
Tidal_Flat,regional_baseline,MODIS_Urban_Area_sqkm,-0.0007959366177107775,0.00028143316036975696,0.005160586606555162,-0.001350910580071373,-0.00024096265535018205,-0.027121247299104256,242,11,YRD,
Tidal_Flat,regional_baseline,Impervious_sqkm,0.0001879802430553261,0.0005023404200605359,0.708647344403531,-0.0008026132357252226,0.001178573721835875,-0.027121247299104256,242,11,YRD,
Tidal_Flat,regional_baseline,Unified_NTL_Index,-5.330119981768647e-05,0.0076010848254561055,0.9944120527642704,-0.015042310164788552,0.014935707765153178,-0.027121247299104256,242,11,YRD,
Tidal_Flat,regional_baseline,GDP_per_capita,2.501792385140916e-06,1.2499626100608707e-06,0.04669754099945056,3.6920436161379294e-08,4.966664334120453e-06,-0.027121247299104256,242,11,YRD,
Tidal_Flat,regional_baseline,Secondary_GDP_Share,-0.0014692401252442478,0.0055387420326351135,0.7910791112745712,-0.012391398723421319,0.009452918472932824,-0.027121247299104256,242,11,YRD,
Tidal_Flat,regional_baseline,Total_Population,1.7864270359982419e-07,9.704307149541387e-08,0.06713096048626355,-1.2722016309847992e-08,3.7000742350949634e-07,-0.027121247299104256,242,11,YRD,
Tidal_Flat,regional_baseline,Pop_Density,-0.001003292105271297,0.0005969497600367621,0.09439056188094175,-0.0021804510911653035,0.0001738668806227099,-0.027121247299104256,242,11,YRD,
Tidal_Flat,regional_baseline,Cropland_sqkm,0.0002851160217179274,0.0004647929710905065,0.5402953032669693,-0.000631435519346213,0.0012016675627820677,-0.027121247299104256,242,11,YRD,
Salt_Marsh,regional_baseline,Temp_Mean_C,-0.018775805736890222,0.035625624500161754,0.5991873101316438,-0.08934331140334681,0.051791699929566365,-2.7961716924579454,154,7,BBG,
Salt_Marsh,regional_baseline,Precip_Sum_mm,-8.694225909161923e-05,2.2997158920479966e-05,0.00024975687964157167,-0.00013249520490527097,-4.1389313277967484e-05,-2.7961716924579454,154,7,BBG,
Salt_Marsh,regional_baseline,Evap_Sum_mm,-0.0005931053285699884,0.00037617012857279314,0.11761283374939291,-0.0013382259559850042,0.00015201529884502742,-2.7961716924579454,154,7,BBG,
Salt_Marsh,regional_baseline,MODIS_Urban_Area_sqkm,-0.001113618363343607,0.003563659862116454,0.7552319036778423,-0.008172542692153196,0.005945305965465982,-2.7961716924579454,154,7,BBG,
Salt_Marsh,regional_baseline,Impervious_sqkm,0.00045101375352452956,0.00034865590174166074,0.19840328560446374,-0.0002396064858957356,0.0011416339929447947,-2.7961716924579454,154,7,BBG,
Salt_Marsh,regional_baseline,Unified_NTL_Index,-0.0012703050437274479,0.01591596268756263,0.9365244934870649,-0.03279676395917994,0.03025615387172505,-2.7961716924579454,154,7,BBG,
Salt_Marsh,regional_baseline,GDP_per_capita,-5.4966090999284244e-06,1.3995313422203733e-06,0.00014682782403552253,-8.268811336609815e-06,-2.724406863247033e-06,-2.7961716924579454,154,7,BBG,
Salt_Marsh,regional_baseline,Secondary_GDP_Share,0.00014180867725150026,0.0030738332909263305,0.9632833475318692,-0.005946863485511622,0.006230480840014622,-2.7961716924579454,154,7,BBG,
Salt_Marsh,regional_baseline,Total_Population,1.2423523132585052e-07,2.735054590643463e-07,0.6505172285017902,-4.1752644452189313e-07,6.659969071735942e-07,-2.7961716924579454,154,7,BBG,
Salt_Marsh,regional_baseline,Pop_Density,-0.0024514808740517887,0.0037655510672194117,0.5163268675071353,-0.009910312824411873,0.005007351076308295,-2.7961716924579454,154,7,BBG,
Salt_Marsh,regional_baseline,Cropland_sqkm,5.1729162726051186e-05,8.002299984932474e-05,0.5192897786185937,-0.00010678099883724825,0.0002102393242893506,-2.7961716924579454,154,7,BBG,
Salt_Marsh,regional_baseline,Temp_Mean_C,0.156901653845843,0.07270799241428602,0.03166235002931561,0.013863941842639088,0.2999393658490469,0.1735820782439791,374,17,BYS,
Salt_Marsh,regional_baseline,Precip_Sum_mm,3.1320337781980526e-05,0.00020267206224726178,0.8772822421975657,-0.00036739439918444955,0.00043003507474841064,0.1735820782439791,374,17,BYS,
Salt_Marsh,regional_baseline,Evap_Sum_mm,0.0001447190369775733,0.0002997658790775205,0.629581557193073,-0.0004450074023877471,0.0007344454763428938,0.1735820782439791,374,17,BYS,
Salt_Marsh,regional_baseline,MODIS_Urban_Area_sqkm,0.0007694813531218539,0.002191495544111326,0.7257246511347588,-0.003541826084838833,0.005080788791082541,0.1735820782439791,374,17,BYS,
Salt_Marsh,regional_baseline,Impervious_sqkm,-0.0005143758370085087,0.0009432056443199162,0.5858878811930197,-0.0023699349417530924,0.0013411832677360752,0.1735820782439791,374,17,BYS,
Salt_Marsh,regional_baseline,Unified_NTL_Index,-0.016812121465607986,0.02937681203409978,0.5675196602165653,-0.07460483227741403,0.040980589346198054,0.1735820782439791,374,17,BYS,
Salt_Marsh,regional_baseline,GDP_per_capita,7.097190803849979e-06,7.6042473592614786e-06,0.35134799919482673,-7.86256956991399e-06,2.2056951177613947e-05,0.1735820782439791,374,17,BYS,
Salt_Marsh,regional_baseline,Secondary_GDP_Share,-0.013846824296049966,0.009986509236459263,0.16652847953077954,-0.03349318482190225,0.0057995362298023136,0.1735820782439791,374,17,BYS,
Salt_Marsh,regional_baseline,Total_Population,1.9212015761944653e-06,1.2152153358285639e-06,0.11486085831144988,-4.6947949553279533e-07,4.3118826479217264e-06,0.1735820782439791,374,17,BYS,
Salt_Marsh,regional_baseline,Pop_Density,-0.025170079806329116,0.014757807528618126,0.08904860356071165,-0.05420296811727675,0.0038628085046185194,0.1735820782439791,374,17,BYS,
Salt_Marsh,regional_baseline,Cropland_sqkm,0.00047493140032089085,0.0009266012609764149,0.6086128458931919,-0.0013479620658354947,0.0022978248664772766,0.1735820782439791,374,17,BYS,
Salt_Marsh,regional_baseline,Temp_Mean_C,0.14803035757981206,0.11500538188968885,0.19993283056452804,-0.07912702642418626,0.3751877415838104,0.10102606471391407,198,9,HX,
Salt_Marsh,regional_baseline,Precip_Sum_mm,3.2341288164810306e-05,7.353872734994587e-05,0.660697041425788,-0.00011291160916324691,0.00017759418549286753,0.10102606471391407,198,9,HX,
Salt_Marsh,regional_baseline,Evap_Sum_mm,0.00043675754964737977,0.00021684644677049511,0.045703264858331094,8.444797934632894e-06,0.0008650703013601266,0.10102606471391407,198,9,HX,
Salt_Marsh,regional_baseline,MODIS_Urban_Area_sqkm,-0.005883186669603749,0.0026070375802703565,0.02540955375020504,-0.011032579045887177,-0.0007337942933203214,0.10102606471391407,198,9,HX,
Salt_Marsh,regional_baseline,Impervious_sqkm,0.00016377400243836865,0.00038292305201981225,0.6694597710200108,-0.0005925714602033784,0.0009201194650801156,0.10102606471391407,198,9,HX,
Salt_Marsh,regional_baseline,Unified_NTL_Index,-0.01139592583311453,0.008528187011761878,0.18339585379288326,-0.02824070839943713,0.005448856733208069,0.10102606471391407,198,9,HX,
Salt_Marsh,regional_baseline,GDP_per_capita,1.4663872044742144e-05,2.852908729551156e-06,8.068484600443071e-07,9.028837638886095e-06,2.0298906450598193e-05,0.10102606471391407,198,9,HX,
Salt_Marsh,regional_baseline,Secondary_GDP_Share,0.007140320602812459,0.009829169043578702,0.46864955000480935,-0.012274147574112097,0.026554788779737014,0.10102606471391407,198,9,HX,
Salt_Marsh,regional_baseline,Total_Population,9.836346396569176e-07,4.5663853455693175e-07,0.032759601162871244,8.168715475689042e-08,1.8855821245569449e-06,0.10102606471391407,198,9,HX,
Salt_Marsh,regional_baseline,Pop_Density,-0.0012286725266114319,0.0007056735752798334,0.0836189243896579,-0.002622511325173672,0.00016516627195080824,0.10102606471391407,198,9,HX,
Salt_Marsh,regional_baseline,Cropland_sqkm,-0.00024096087643585645,0.0006370515491269282,0.7057603363122875,-0.00149925819259252,0.0010173364397208068,0.10102606471391407,198,9,HX,
Salt_Marsh,regional_baseline,Temp_Mean_C,-0.13228724808810777,0.15021120689467032,0.37983991763861713,-0.4289827961191164,0.16440829994290085,-0.1865456934933647,198,9,PRD,
Salt_Marsh,regional_baseline,Precip_Sum_mm,-6.207591039567984e-05,7.39623438882842e-05,0.40258232123823423,-0.00020816553051956297,8.401370972820327e-05,-0.1865456934933647,198,9,PRD,
Salt_Marsh,regional_baseline,Evap_Sum_mm,-0.0005901570808911765,0.0003337467399605796,0.07895656547338992,-0.0012493700248734545,6.905586309110157e-05,-0.1865456934933647,198,9,PRD,
Salt_Marsh,regional_baseline,MODIS_Urban_Area_sqkm,-0.0007716541187002519,0.001500041498048009,0.60768046293513,-0.0037345198298098553,0.0021912115924093514,-0.1865456934933647,198,9,PRD,
Salt_Marsh,regional_baseline,Impervious_sqkm,-0.00011647072554783724,0.0005306303229886437,0.8265495542101275,-0.0011645659891148378,0.0009316245380191632,-0.1865456934933647,198,9,PRD,
Salt_Marsh,regional_baseline,Unified_NTL_Index,0.009941119224876043,0.004415965775987069,0.025762236982282527,0.0012187514796292744,0.018663486970122812,-0.1865456934933647,198,9,PRD,
Salt_Marsh,regional_baseline,GDP_per_capita,9.481437873663205e-08,1.22005341134932e-06,0.9381550660186164,-2.3150218977351716e-06,2.504650655208436e-06,-0.1865456934933647,198,9,PRD,
Salt_Marsh,regional_baseline,Secondary_GDP_Share,0.0022273028930379422,0.004146777199293956,0.5919474680719081,-0.0059633664927005794,0.010417972278776465,-0.1865456934933647,198,9,PRD,
Salt_Marsh,regional_baseline,Total_Population,6.314174751710201e-08,6.906490791349308e-08,0.36199384519914224,-7.327451014251224e-08,1.9955800517671626e-07,-0.1865456934933647,198,9,PRD,
Salt_Marsh,regional_baseline,Pop_Density,-7.09447667390464e-05,0.00013134633480014994,0.5898692127338214,-0.00033037862384613235,0.0001884890903680395,-0.1865456934933647,198,9,PRD,
Salt_Marsh,regional_baseline,Cropland_sqkm,0.0004771963176438698,0.0006564270928305096,0.46833294360550193,-0.0008193713624648244,0.001773763997752564,-0.1865456934933647,198,9,PRD,
Salt_Marsh,regional_baseline,Temp_Mean_C,0.16533548549295676,0.10499388056564525,0.11691058952418487,-0.04170788439485437,0.37237885538076787,0.28906545388537674,242,11,YRD,
Salt_Marsh,regional_baseline,Precip_Sum_mm,5.637732639716292e-05,6.114532895978271e-05,0.3576336852641646,-6.419860519550687e-05,0.0001769532579898327,0.28906545388537674,242,11,YRD,
Salt_Marsh,regional_baseline,Evap_Sum_mm,0.0010816958945895215,0.0007357995539607165,0.14311506713682798,-0.00036926885110083463,0.0025326606402798777,0.28906545388537674,242,11,YRD,
Salt_Marsh,regional_baseline,MODIS_Urban_Area_sqkm,-0.0007313014858171537,0.0006845756863149163,0.28669958967969866,-0.0020812549904814888,0.0006186520188471812,0.28906545388537674,242,11,YRD,
Salt_Marsh,regional_baseline,Impervious_sqkm,-0.0014907125583816495,0.0010966851717554157,0.1755932659458901,-0.0036533280598086,0.000671902943045301,0.28906545388537674,242,11,YRD,
Salt_Marsh,regional_baseline,Unified_NTL_Index,0.06386165183500157,0.011029901392426919,2.711039948088967e-08,0.04211116560175378,0.08561213806824937,0.28906545388537674,242,11,YRD,
Salt_Marsh,regional_baseline,GDP_per_capita,-9.337194658806148e-07,3.6553376888989483e-06,0.7986470998988402,-8.141886542954976e-06,6.2744476111937465e-06,0.28906545388537674,242,11,YRD,
Salt_Marsh,regional_baseline,Secondary_GDP_Share,0.006133873054729489,0.013968933214310563,0.6610595507758563,-0.021412256213445908,0.033680002322904884,0.28906545388537674,242,11,YRD,
Salt_Marsh,regional_baseline,Total_Population,5.329882688318018e-07,2.3748139539584784e-07,0.025911736291543308,6.468527704292143e-08,1.0012912606206821e-06,0.28906545388537674,242,11,YRD,
Salt_Marsh,regional_baseline,Pop_Density,-0.003205414593325279,0.0014123801117717748,0.024309347017648752,-0.005990566797704653,-0.00042026238894590437,0.28906545388537674,242,11,YRD,
Salt_Marsh,regional_baseline,Cropland_sqkm,-0.001208204335825898,0.0012045102703125371,0.31704672264456213,-0.003583446245987154,0.001167037574335358,0.28906545388537674,242,11,YRD,
Marsh,regional_baseline,Temp_Mean_C,-0.14749637287985456,0.06623022626598839,0.027892814920506437,-0.27868570451654257,-0.016307041243166565,-0.5922451386296603,154,7,BBG,
Marsh,regional_baseline,Precip_Sum_mm,-0.00017724632314813132,5.21153204813189e-05,0.0009238907213939829,-0.0002804767429645748,-7.401590333168784e-05,-0.5922451386296603,154,7,BBG,
Marsh,regional_baseline,Evap_Sum_mm,-0.00048150302560346064,0.00037589823129357907,0.20279198988376823,-0.0012260850768374036,0.00026307902563048227,-0.5922451386296603,154,7,BBG,
Marsh,regional_baseline,MODIS_Urban_Area_sqkm,0.002992667952411747,0.001501034516887661,0.04854762722724182,1.9407461903405213e-05,0.005965928442920089,-0.5922451386296603,154,7,BBG,
Marsh,regional_baseline,Impervious_sqkm,0.0010124428613442447,0.0004136235565156007,0.015886962786306524,0.0001931342014199239,0.0018317515212685656,-0.5922451386296603,154,7,BBG,
Marsh,regional_baseline,Unified_NTL_Index,-0.00041691590976266246,0.01427451536819905,0.9767501169948201,-0.028691983596694982,0.02785815177716966,-0.5922451386296603,154,7,BBG,
Marsh,regional_baseline,GDP_per_capita,-5.799709179341989e-06,1.0565962564525104e-06,2.443386646344692e-07,-7.892623012025282e-06,-3.706795346658696e-06,-0.5922451386296603,154,7,BBG,
Marsh,regional_baseline,Secondary_GDP_Share,0.011526494658817405,0.0032601685314614776,0.000587470779343402,0.005068728246428853,0.01798426107120596,-0.5922451386296603,154,7,BBG,
Marsh,regional_baseline,Total_Population,-7.008615181836865e-07,1.7483315704518444e-07,0.00010880548216274377,-1.047172354093792e-06,-3.545506822735811e-07,-0.5922451386296603,154,7,BBG,
Marsh,regional_baseline,Pop_Density,0.006237716853023274,0.0024529960740170297,0.01232226068414466,0.0013788037313120591,0.01109662997473449,-0.5922451386296603,154,7,BBG,
Marsh,regional_baseline,Cropland_sqkm,0.00022339596426282086,4.709324767422376e-05,6.076571215540838e-06,0.0001301133041346443,0.00031667862439099744,-0.5922451386296603,154,7,BBG,
Marsh,regional_baseline,Temp_Mean_C,-0.013682556728810589,0.06268049632903419,0.8273397799334785,-0.1369932751852406,0.10962816172761942,0.22840640670257883,374,17,BYS,
Marsh,regional_baseline,Precip_Sum_mm,-0.0005239297361745447,0.00014921989882596244,0.0005092758107652084,-0.000817488562442198,-0.00023037090990689146,0.22840640670257883,374,17,BYS,
Marsh,regional_baseline,Evap_Sum_mm,-0.00037124089770477196,0.0005699027445812934,0.5152415744980146,-0.0014924049120372258,0.0007499231166276819,0.22840640670257883,374,17,BYS,
Marsh,regional_baseline,MODIS_Urban_Area_sqkm,0.0009345109728280384,0.0013498047994652605,0.48922418140066015,-0.0017209466151952338,0.003589968560851311,0.22840640670257883,374,17,BYS,
Marsh,regional_baseline,Impervious_sqkm,-0.00014623161163247335,0.0006462170901690353,0.8211191535759335,-0.0014175280807808245,0.0011250648575158778,0.22840640670257883,374,17,BYS,
Marsh,regional_baseline,Unified_NTL_Index,-0.03321698332089408,0.01558862165656077,0.033851976935602046,-0.06388432402166597,-0.002549642620122198,0.22840640670257883,374,17,BYS,
Marsh,regional_baseline,GDP_per_capita,1.5136014249863719e-06,2.77962071063289e-06,0.586446626144304,-3.9547188171707716e-06,6.981921667143515e-06,0.22840640670257883,374,17,BYS,
Marsh,regional_baseline,Secondary_GDP_Share,-0.006816468095168113,0.005838702824221451,0.24387934327726524,-0.018302890224452292,0.004669954034116067,0.22840640670257883,374,17,BYS,
Marsh,regional_baseline,Total_Population,4.795252313197944e-08,3.968346741584655e-07,0.9038943920407503,-7.327363935930947e-07,8.286414398570535e-07,0.22840640670257883,374,17,BYS,
Marsh,regional_baseline,Pop_Density,-0.0009293351972557144,0.0047765037181161565,0.8458559291601411,-0.010326103565183984,0.008467433170672554,0.22840640670257883,374,17,BYS,
Marsh,regional_baseline,Cropland_sqkm,-4.6742007995004494e-05,0.0006008456730079381,0.9380400296971052,-0.0012287797383779171,0.0011352957223879083,0.22840640670257883,374,17,BYS,
Marsh,regional_baseline,Temp_Mean_C,0.11061392704583724,0.1545861995119564,0.47533298248301503,-0.19472305899137493,0.4159509130830494,-0.13622444110800735,198,9,HX,
Marsh,regional_baseline,Precip_Sum_mm,0.00023235305791215104,0.00012752952054129516,0.07036489390322997,-1.9541869033368712e-05,0.0004842479848576708,-0.13622444110800735,198,9,HX,
Marsh,regional_baseline,Evap_Sum_mm,0.000283265055301949,0.0004384021040392189,0.519138055077244,-0.0005826620296662926,0.0011491921402701907,-0.13622444110800735,198,9,HX,
Marsh,regional_baseline,MODIS_Urban_Area_sqkm,0.0026211829578076584,0.0010438317011753507,0.013046643467122587,0.0005594178935703028,0.004682948022045014,-0.13622444110800735,198,9,HX,
Marsh,regional_baseline,Impervious_sqkm,-1.2918880751945733e-05,0.0004981442947353228,0.9793429047065842,-0.000996848093361587,0.0009710103318576954,-0.13622444110800735,198,9,HX,
Marsh,regional_baseline,Unified_NTL_Index,-0.0031163111486729378,0.010134107302847598,0.7588648666726865,-0.023133090070712858,0.01690046777336698,-0.13622444110800735,198,9,HX,
Marsh,regional_baseline,GDP_per_capita,-3.875848842049967e-06,1.5172854605510958e-06,0.01158655875069825,-6.872774641024166e-06,-8.789230430757671e-07,-0.13622444110800735,198,9,HX,
Marsh,regional_baseline,Secondary_GDP_Share,-0.0057429377897398525,0.0031892430304079713,0.07366628701837774,-0.012042296061819226,0.0005564204823395209,-0.13622444110800735,198,9,HX,
Marsh,regional_baseline,Total_Population,4.697483614542817e-09,1.4555257160294212e-07,0.9742949745058787,-2.827963784735181e-07,2.921913457026037e-07,-0.13622444110800735,198,9,HX,
Marsh,regional_baseline,Pop_Density,-6.187201245407864e-05,0.0002528521116399975,0.8070110012824228,-0.0005613027632264342,0.0004375587383182769,-0.13622444110800735,198,9,HX,
Marsh,regional_baseline,Cropland_sqkm,-0.00012834433932422848,0.00019845318984947904,0.5187552672043472,-0.0005203269292929009,0.00026363825064444396,-0.13622444110800735,198,9,HX,
Marsh,regional_baseline,Temp_Mean_C,0.106507072643755,0.1457812793500205,0.46611541925187816,-0.18143853050784678,0.3944526757953568,-0.13376456281474236,198,9,PRD,
Marsh,regional_baseline,Precip_Sum_mm,6.435714465033077e-05,0.0001575784899815048,0.6835267909616758,-0.00024689018109511074,0.0003756044703957722,-0.13376456281474236,198,9,PRD,
Marsh,regional_baseline,Evap_Sum_mm,0.0008333692631534021,0.0003854446724040744,0.03212497126416691,7.204312325526747e-05,0.0015946954030515367,-0.13376456281474236,198,9,PRD,
Marsh,regional_baseline,MODIS_Urban_Area_sqkm,-0.0005506322430769405,0.0008480333021898618,0.5170900337033761,-0.0022256584314904117,0.0011243939453365309,-0.13376456281474236,198,9,PRD,
Marsh,regional_baseline,Impervious_sqkm,-0.001587049301621548,0.0005268651906003344,0.0030235334563937233,-0.002627707716497611,-0.0005463908867454847,-0.13376456281474236,198,9,PRD,
Marsh,regional_baseline,Unified_NTL_Index,-0.01149985301293557,0.005154105420699342,0.027084370867235252,-0.021680186185255225,-0.0013195198406159136,-0.13376456281474236,198,9,PRD,
Marsh,regional_baseline,GDP_per_capita,2.404996268582488e-06,9.370591601991639e-07,0.011206815509495982,5.541271701954478e-07,4.2558653669695284e-06,-0.13376456281474236,198,9,PRD,
Marsh,regional_baseline,Secondary_GDP_Share,-0.001948723755538764,0.004965578573024423,0.695260632102098,-0.01175668074138193,0.0078592332303044,-0.13376456281474236,198,9,PRD,
Marsh,regional_baseline,Total_Population,1.5372405509185148e-07,2.8323640063976118e-08,2.1291813667723147e-07,9.777950817860388e-08,2.096686020050991e-07,-0.13376456281474236,198,9,PRD,
Marsh,regional_baseline,Pop_Density,-0.000587349169507424,4.6002097120205505e-05,0.0,-0.0006782120132180508,-0.0004964863257967972,-0.13376456281474236,198,9,PRD,
Marsh,regional_baseline,Cropland_sqkm,-0.0008995382383900881,0.00014598333483972423,5.803492353351203e-09,-0.001187882939355293,-0.0006111935374248834,-0.13376456281474236,198,9,PRD,
Marsh,regional_baseline,Temp_Mean_C,0.06023212110051176,0.08365443356724263,0.4723629715895763,-0.10473078662808588,0.2251950288291094,0.2769054821789899,242,11,YRD,
Marsh,regional_baseline,Precip_Sum_mm,-0.00010356470323327558,5.8268864091474736e-05,0.07703652227231772,-0.0002184683711045752,1.1338964638024033e-05,0.2769054821789899,242,11,YRD,
Marsh,regional_baseline,Evap_Sum_mm,-0.00016069577459964206,0.0003235122257197136,0.6199330876060616,-0.0007986478252530818,0.0004772562760537976,0.2769054821789899,242,11,YRD,
Marsh,regional_baseline,MODIS_Urban_Area_sqkm,-0.0006008596386038398,0.000435041717446793,0.16878053839143092,-0.0014587430003455653,0.00025702372313788594,0.2769054821789899,242,11,YRD,
Marsh,regional_baseline,Impervious_sqkm,-0.0003820967519405562,0.000698857029641307,0.5851663073186728,-0.0017602124450380732,0.0009960189411569607,0.2769054821789899,242,11,YRD,
Marsh,regional_baseline,Unified_NTL_Index,0.018899306288419276,0.01354869136604374,0.16459570508832022,-0.007818124316897906,0.04561673689373646,0.2769054821789899,242,11,YRD,
Marsh,regional_baseline,GDP_per_capita,-6.200900629360604e-07,1.4332852342705852e-06,0.6657480888533729,-3.4464662604353486e-06,2.206286134563228e-06,0.2769054821789899,242,11,YRD,
Marsh,regional_baseline,Secondary_GDP_Share,0.00038021452115005516,0.010427315882660371,0.9709494790752602,-0.020181999272642314,0.020942428314942422,0.2769054821789899,242,11,YRD,
Marsh,regional_baseline,Total_Population,-1.4840926793202186e-07,2.1635037939182357e-07,0.4935321848308878,-5.750428144250781e-07,2.782242785610343e-07,0.2769054821789899,242,11,YRD,
Marsh,regional_baseline,Pop_Density,0.0010185178524486332,0.0012485300098434467,0.4156049733101246,-0.0014435290711568578,0.003480564776054124,0.2769054821789899,242,11,YRD,
Marsh,regional_baseline,Cropland_sqkm,-0.0007146912307622234,0.0007207929073586841,0.32262861203860216,-0.0021360635214784283,0.0007066810599539816,0.2769054821789899,242,11,YRD,
