contract_id,contract_version,source_sha256,city,cluster,wetland,start_year,end_year,start_value,end_value,absolute_change,relative_change_rate,relative_change_status,slope_per_year,slope_status,observations,direction,period,method,cluster_absolute_change_percentile,national_absolute_change_percentile,cluster_relative_change_rate_percentile,national_relative_change_rate_percentile,cluster_slope_per_year_percentile,national_slope_per_year_percentile,cluster_reference_n,national_reference_n
coastal-wetland-evidence-contract,1.0.0,a4cf9efdecf6735f87d398acc56604e66df26e62f1a2f1e96fafd7791aa3bcc6,Beihai,BBG,Mangrove,2001,2022,6.40135069898897,8.34520526822916,1.94385456924019,0.30366318932459097,computed,0.05543638385788352,computed,22,increase,2001-2022,deterministic endpoint change and centered OLS slope,0.714286,0.962264,0.714286,0.678571,0.714286,0.962264,7,53
coastal-wetland-evidence-contract,1.0.0,a4cf9efdecf6735f87d398acc56604e66df26e62f1a2f1e96fafd7791aa3bcc6,Fangchenggang,BBG,Mangrove,2001,2022,8.70754180670954,12.9324367515817,4.22489494487216,0.48519950161097075,computed,0.11589731199752773,computed,22,increase,2001-2022,deterministic endpoint change and centered OLS slope,0.857143,0.981132,0.857143,0.785714,0.857143,0.981132,7,53
coastal-wetland-evidence-contract,1.0.0,a4cf9efdecf6735f87d398acc56604e66df26e62f1a2f1e96fafd7791aa3bcc6,Hainan_Sheng,BBG,Mangrove,2001,2022,35.3288400806333,36.0768131744904,0.7479730938570981,0.0211717421842877,computed,0.04790222058177133,computed,22,increase,2001-2022,deterministic endpoint change and centered OLS slope,0.571429,0.90566,0.428571,0.5,0.428571,0.924528,7,53
coastal-wetland-evidence-contract,1.0.0,a4cf9efdecf6735f87d398acc56604e66df26e62f1a2f1e96fafd7791aa3bcc6,Maoming,BBG,Mangrove,2001,2022,0.192847119466146,0.11763820167739,-0.07520891778875599,-0.3899924354429302,computed,-0.0016406567755625795,computed,22,decrease,2001-2022,deterministic endpoint change and centered OLS slope,0.142857,0.188679,0.142857,0.25,0.142857,0.207547,7,53
coastal-wetland-evidence-contract,1.0.0,a4cf9efdecf6735f87d398acc56604e66df26e62f1a2f1e96fafd7791aa3bcc6,Qinzhou,BBG,Mangrove,2001,2022,7.57313423558134,18.6333216329427,11.06018739736136,1.460450462557045,computed,0.5517936386750333,computed,22,increase,2001-2022,deterministic endpoint change and centered OLS slope,1.0,1.0,1.0,0.857143,1.0,1.0,7,53
coastal-wetland-evidence-contract,1.0.0,a4cf9efdecf6735f87d398acc56604e66df26e62f1a2f1e96fafd7791aa3bcc6,Yangjiang,BBG,Mangrove,2001,2022,8.70418819839152,8.98104534415595,0.27685714576442955,0.03180734830797788,computed,0.0332687524244982,computed,22,increase,2001-2022,deterministic endpoint change and centered OLS slope,0.285714,0.811321,0.571429,0.535714,0.285714,0.90566,7,53
coastal-wetland-evidence-contract,1.0.0,a4cf9efdecf6735f87d398acc56604e66df26e62f1a2f1e96fafd7791aa3bcc6,Zhanjiang,BBG,Mangrove,2001,2022,41.2005175529335,41.936932796067,0.7364152431335,0.01787393185503969,computed,0.05522355251734735,computed,22,increase,2001-2022,deterministic endpoint change and centered OLS slope,0.428571,0.886792,0.285714,0.464286,0.571429,0.943396,7,53
coastal-wetland-evidence-contract,1.0.0,a4cf9efdecf6735f87d398acc56604e66df26e62f1a2f1e96fafd7791aa3bcc6,Binzhou,BYS,Mangrove,2001,2022,0.0,0.0,0.0,,undefined_zero_start,0.0,computed,22,stable,2001-2022,deterministic endpoint change and centered OLS slope,0.529412,0.471698,,,0.529412,0.5,17,53
coastal-wetland-evidence-contract,1.0.0,a4cf9efdecf6735f87d398acc56604e66df26e62f1a2f1e96fafd7791aa3bcc6,Cangzhou,BYS,Mangrove,2001,2022,0.0,0.0,0.0,,undefined_zero_start,0.0,computed,22,stable,2001-2022,deterministic endpoint change and centered OLS slope,0.529412,0.471698,,,0.529412,0.5,17,53
coastal-wetland-evidence-contract,1.0.0,a4cf9efdecf6735f87d398acc56604e66df26e62f1a2f1e96fafd7791aa3bcc6,Dalian,BYS,Mangrove,2001,2022,0.0,0.0,0.0,,undefined_zero_start,0.0,computed,22,stable,2001-2022,deterministic endpoint change and centered OLS slope,0.529412,0.471698,,,0.529412,0.5,17,53
coastal-wetland-evidence-contract,1.0.0,a4cf9efdecf6735f87d398acc56604e66df26e62f1a2f1e96fafd7791aa3bcc6,Dandong,BYS,Mangrove,2001,2022,0.0,0.0,0.0,,undefined_zero_start,0.0,computed,22,stable,2001-2022,deterministic endpoint change and centered OLS slope,0.529412,0.471698,,,0.529412,0.5,17,53
coastal-wetland-evidence-contract,1.0.0,a4cf9efdecf6735f87d398acc56604e66df26e62f1a2f1e96fafd7791aa3bcc6,Dongying,BYS,Mangrove,2001,2022,0.0,0.0,0.0,,undefined_zero_start,0.0,computed,22,stable,2001-2022,deterministic endpoint change and centered OLS slope,0.529412,0.471698,,,0.529412,0.5,17,53
coastal-wetland-evidence-contract,1.0.0,a4cf9efdecf6735f87d398acc56604e66df26e62f1a2f1e96fafd7791aa3bcc6,Huludao,BYS,Mangrove,2001,2022,0.0,0.0,0.0,,undefined_zero_start,0.0,computed,22,stable,2001-2022,deterministic endpoint change and centered OLS slope,0.529412,0.471698,,,0.529412,0.5,17,53
coastal-wetland-evidence-contract,1.0.0,a4cf9efdecf6735f87d398acc56604e66df26e62f1a2f1e96fafd7791aa3bcc6,Jinzhou,BYS,Mangrove,2001,2022,0.0,0.0,0.0,,undefined_zero_start,0.0,computed,22,stable,2001-2022,deterministic endpoint change and centered OLS slope,0.529412,0.471698,,,0.529412,0.5,17,53
coastal-wetland-evidence-contract,1.0.0,a4cf9efdecf6735f87d398acc56604e66df26e62f1a2f1e96fafd7791aa3bcc6,Panjin,BYS,Mangrove,2001,2022,0.0,0.0,0.0,,undefined_zero_start,0.0,computed,22,stable,2001-2022,deterministic endpoint change and centered OLS slope,0.529412,0.471698,,,0.529412,0.5,17,53
coastal-wetland-evidence-contract,1.0.0,a4cf9efdecf6735f87d398acc56604e66df26e62f1a2f1e96fafd7791aa3bcc6,Qingdao,BYS,Mangrove,2001,2022,0.0,0.0,0.0,,undefined_zero_start,0.0,computed,22,stable,2001-2022,deterministic endpoint change and centered OLS slope,0.529412,0.471698,,,0.529412,0.5,17,53
coastal-wetland-evidence-contract,1.0.0,a4cf9efdecf6735f87d398acc56604e66df26e62f1a2f1e96fafd7791aa3bcc6,Qinhuangdao,BYS,Mangrove,2001,2022,0.0,0.0,0.0,,undefined_zero_start,0.0,computed,22,stable,2001-2022,deterministic endpoint change and centered OLS slope,0.529412,0.471698,,,0.529412,0.5,17,53
coastal-wetland-evidence-contract,1.0.0,a4cf9efdecf6735f87d398acc56604e66df26e62f1a2f1e96fafd7791aa3bcc6,Rizhao,BYS,Mangrove,2001,2022,0.0,0.0,0.0,,undefined_zero_start,0.0,computed,22,stable,2001-2022,deterministic endpoint change and centered OLS slope,0.529412,0.471698,,,0.529412,0.5,17,53
coastal-wetland-evidence-contract,1.0.0,a4cf9efdecf6735f87d398acc56604e66df26e62f1a2f1e96fafd7791aa3bcc6,Tangshan,BYS,Mangrove,2001,2022,0.0,0.0,0.0,,undefined_zero_start,0.0,computed,22,stable,2001-2022,deterministic endpoint change and centered OLS slope,0.529412,0.471698,,,0.529412,0.5,17,53
coastal-wetland-evidence-contract,1.0.0,a4cf9efdecf6735f87d398acc56604e66df26e62f1a2f1e96fafd7791aa3bcc6,Tianjin_Shi,BYS,Mangrove,2001,2022,0.0,0.0,0.0,,undefined_zero_start,0.0,computed,22,stable,2001-2022,deterministic endpoint change and centered OLS slope,0.529412,0.471698,,,0.529412,0.5,17,53
coastal-wetland-evidence-contract,1.0.0,a4cf9efdecf6735f87d398acc56604e66df26e62f1a2f1e96fafd7791aa3bcc6,Weifang,BYS,Mangrove,2001,2022,0.0,0.0,0.0,,undefined_zero_start,0.0,computed,22,stable,2001-2022,deterministic endpoint change and centered OLS slope,0.529412,0.471698,,,0.529412,0.5,17,53
coastal-wetland-evidence-contract,1.0.0,a4cf9efdecf6735f87d398acc56604e66df26e62f1a2f1e96fafd7791aa3bcc6,Weihai,BYS,Mangrove,2001,2022,0.0,0.0,0.0,,undefined_zero_start,0.0,computed,22,stable,2001-2022,deterministic endpoint change and centered OLS slope,0.529412,0.471698,,,0.529412,0.5,17,53
coastal-wetland-evidence-contract,1.0.0,a4cf9efdecf6735f87d398acc56604e66df26e62f1a2f1e96fafd7791aa3bcc6,Yantai,BYS,Mangrove,2001,2022,0.0,0.0,0.0,,undefined_zero_start,0.0,computed,22,stable,2001-2022,deterministic endpoint change and centered OLS slope,0.529412,0.471698,,,0.529412,0.5,17,53
coastal-wetland-evidence-contract,1.0.0,a4cf9efdecf6735f87d398acc56604e66df26e62f1a2f1e96fafd7791aa3bcc6,Yingkou,BYS,Mangrove,2001,2022,0.0,0.0,0.0,,undefined_zero_start,0.0,computed,22,stable,2001-2022,deterministic endpoint change and centered OLS slope,0.529412,0.471698,,,0.529412,0.5,17,53
coastal-wetland-evidence-contract,1.0.0,a4cf9efdecf6735f87d398acc56604e66df26e62f1a2f1e96fafd7791aa3bcc6,Chaozhou,HX,Mangrove,2001,2022,0.221255249590227,0.31586568169424,0.09461043210401301,0.4276076263918487,computed,0.0021259687741737557,computed,22,increase,2001-2022,deterministic endpoint change and centered OLS slope,0.666667,0.754717,0.875,0.75,0.666667,0.735849,9,53
coastal-wetland-evidence-contract,1.0.0,a4cf9efdecf6735f87d398acc56604e66df26e62f1a2f1e96fafd7791aa3bcc6,Fuzhou,HX,Mangrove,2001,2022,1.17535611227788,1.40783855101869,0.23248243874080998,0.1977974473542756,computed,0.0033370602208048095,computed,22,increase,2001-2022,deterministic endpoint change and centered OLS slope,0.777778,0.773585,0.625,0.607143,0.777778,0.773585,9,53
coastal-wetland-evidence-contract,1.0.0,a4cf9efdecf6735f87d398acc56604e66df26e62f1a2f1e96fafd7791aa3bcc6,Jieyang,HX,Mangrove,2001,2022,0.0,0.0,0.0,,undefined_zero_start,-4.149120898482846e-05,computed,22,stable,2001-2022,deterministic endpoint change and centered OLS slope,0.444444,0.471698,,,0.555556,0.264151,9,53
coastal-wetland-evidence-contract,1.0.0,a4cf9efdecf6735f87d398acc56604e66df26e62f1a2f1e96fafd7791aa3bcc6,Ningde,HX,Mangrove,2001,2022,5.08252548512943,6.24608827645526,1.1635627913258295,0.22893398070117074,computed,-0.009996775876809822,computed,22,increase,2001-2022,deterministic endpoint change and centered OLS slope,1.0,0.943396,0.75,0.642857,0.222222,0.132075,9,53
coastal-wetland-evidence-contract,1.0.0,a4cf9efdecf6735f87d398acc56604e66df26e62f1a2f1e96fafd7791aa3bcc6,Putian,HX,Mangrove,2001,2022,0.0516647878025429,0.384949632452512,0.3332848446499691,6.450909000608827,computed,0.008770584195868939,computed,22,increase,2001-2022,deterministic endpoint change and centered OLS slope,0.888889,0.849057,1.0,0.964286,0.888889,0.849057,9,53
coastal-wetland-evidence-contract,1.0.0,a4cf9efdecf6735f87d398acc56604e66df26e62f1a2f1e96fafd7791aa3bcc6,Quanzhou,HX,Mangrove,2001,2022,0.880655412086397,0.965036151926317,0.08438073983992,0.0958158420215804,computed,0.01410319417191954,computed,22,increase,2001-2022,deterministic endpoint change and centered OLS slope,0.555556,0.716981,0.5,0.571429,1.0,0.867925,9,53
coastal-wetland-evidence-contract,1.0.0,a4cf9efdecf6735f87d398acc56604e66df26e62f1a2f1e96fafd7791aa3bcc6,Shantou,HX,Mangrove,2001,2022,1.40622449396829,0.846295605863205,-0.559928888105085,-0.3981788757817721,computed,-0.016415193648586693,computed,22,decrease,2001-2022,deterministic endpoint change and centered OLS slope,0.111111,0.113208,0.125,0.214286,0.111111,0.113208,9,53
coastal-wetland-evidence-contract,1.0.0,a4cf9efdecf6735f87d398acc56604e66df26e62f1a2f1e96fafd7791aa3bcc6,Xiamen,HX,Mangrove,2001,2022,0.218617420301011,0.176518432977175,-0.04209898732383599,-0.19256922557164263,computed,-0.0009376093881172898,computed,22,decrease,2001-2022,deterministic endpoint change and centered OLS slope,0.333333,0.207547,0.25,0.321429,0.444444,0.245283,9,53
coastal-wetland-evidence-contract,1.0.0,a4cf9efdecf6735f87d398acc56604e66df26e62f1a2f1e96fafd7791aa3bcc6,Zhangzhou,HX,Mangrove,2001,2022,2.53486516117494,2.1898522498315,-0.3450129113434399,-0.1361070074368462,computed,-0.0056522154709789255,computed,22,decrease,2001-2022,deterministic endpoint change and centered OLS slope,0.222222,0.132075,0.375,0.428571,0.333333,0.169811,9,53
coastal-wetland-evidence-contract,1.0.0,a4cf9efdecf6735f87d398acc56604e66df26e62f1a2f1e96fafd7791aa3bcc6,Dongguan,PRD,Mangrove,2001,2022,1.09366780547258,0.33545315201057,-0.7582146534620099,-0.6932769252857188,computed,-0.027816803416914577,computed,22,decrease,2001-2022,deterministic endpoint change and centered OLS slope,0.333333,0.056604,0.111111,0.035714,0.555556,0.09434,9,53
coastal-wetland-evidence-contract,1.0.0,a4cf9efdecf6735f87d398acc56604e66df26e62f1a2f1e96fafd7791aa3bcc6,Guangzhou,PRD,Mangrove,2001,2022,0.055871193738511,0.0275476837699142,-0.0283235099685968,-0.5069429892827566,computed,-0.0010512145738251467,computed,22,decrease,2001-2022,deterministic endpoint change and centered OLS slope,0.888889,0.226415,0.333333,0.107143,0.888889,0.226415,9,53
coastal-wetland-evidence-contract,1.0.0,a4cf9efdecf6735f87d398acc56604e66df26e62f1a2f1e96fafd7791aa3bcc6,Hong_Kong,PRD,Mangrove,2001,2022,4.85430448464308,3.9850332336129,-0.8692712510301801,-0.17907225510475874,computed,-0.039654332041372434,computed,22,decrease,2001-2022,deterministic endpoint change and centered OLS slope,0.111111,0.018868,0.888889,0.392857,0.222222,0.037736,9,53
coastal-wetland-evidence-contract,1.0.0,a4cf9efdecf6735f87d398acc56604e66df26e62f1a2f1e96fafd7791aa3bcc6,Huizhou,PRD,Mangrove,2001,2022,1.21703679752604,1.58942124754902,0.3723844500229798,0.3059763277330258,computed,0.008125356437465205,computed,22,increase,2001-2022,deterministic endpoint change and centered OLS slope,1.0,0.867925,1.0,0.714286,1.0,0.830189,9,53
coastal-wetland-evidence-contract,1.0.0,a4cf9efdecf6735f87d398acc56604e66df26e62f1a2f1e96fafd7791aa3bcc6,Jiangmen,PRD,Mangrove,2001,2022,4.50311644582184,3.63805125945925,-0.8650651863625902,-0.192103667930957,computed,-0.0451443513721309,computed,22,decrease,2001-2022,deterministic endpoint change and centered OLS slope,0.222222,0.037736,0.777778,0.357143,0.111111,0.018868,9,53
coastal-wetland-evidence-contract,1.0.0,a4cf9efdecf6735f87d398acc56604e66df26e62f1a2f1e96fafd7791aa3bcc6,Shanwei,PRD,Mangrove,2001,2022,0.78876378125,0.471134490349265,-0.317629290900735,-0.4026925404680338,computed,-0.008654779313350515,computed,22,decrease,2001-2022,deterministic endpoint change and centered OLS slope,0.666667,0.150943,0.555556,0.178571,0.666667,0.150943,9,53
coastal-wetland-evidence-contract,1.0.0,a4cf9efdecf6735f87d398acc56604e66df26e62f1a2f1e96fafd7791aa3bcc6,Shenzhen,PRD,Mangrove,2001,2022,2.3375263057598,1.73315200193781,-0.6043743038219902,-0.25855294219910036,computed,-0.03170853423669102,computed,22,decrease,2001-2022,deterministic endpoint change and centered OLS slope,0.555556,0.09434,0.666667,0.285714,0.333333,0.056604,9,53
coastal-wetland-evidence-contract,1.0.0,a4cf9efdecf6735f87d398acc56604e66df26e62f1a2f1e96fafd7791aa3bcc6,Zhongshan,PRD,Mangrove,2001,2022,0.177543344600184,0.0593269295189951,-0.11821641508118891,-0.6658453762229417,computed,-0.004430584385042304,computed,22,decrease,2001-2022,deterministic endpoint change and centered OLS slope,0.777778,0.169811,0.222222,0.071429,0.777778,0.188679,9,53
coastal-wetland-evidence-contract,1.0.0,a4cf9efdecf6735f87d398acc56604e66df26e62f1a2f1e96fafd7791aa3bcc6,Zhuhai,PRD,Mangrove,2001,2022,1.63892562817479,0.907113910654105,-0.731811717520685,-0.44651917386616025,computed,-0.028037505408924367,computed,22,decrease,2001-2022,deterministic endpoint change and centered OLS slope,0.444444,0.075472,0.444444,0.142857,0.444444,0.075472,9,53
coastal-wetland-evidence-contract,1.0.0,a4cf9efdecf6735f87d398acc56604e66df26e62f1a2f1e96fafd7791aa3bcc6,Hangzhou,YRD,Mangrove,2001,2022,0.0,0.0,0.0,,undefined_zero_start,0.0,computed,22,stable,2001-2022,deterministic endpoint change and centered OLS slope,0.363636,0.471698,,,0.363636,0.5,11,53
coastal-wetland-evidence-contract,1.0.0,a4cf9efdecf6735f87d398acc56604e66df26e62f1a2f1e96fafd7791aa3bcc6,Jiaxing,YRD,Mangrove,2001,2022,0.0,0.0,0.0,,undefined_zero_start,0.0,computed,22,stable,2001-2022,deterministic endpoint change and centered OLS slope,0.363636,0.471698,,,0.363636,0.5,11,53
coastal-wetland-evidence-contract,1.0.0,a4cf9efdecf6735f87d398acc56604e66df26e62f1a2f1e96fafd7791aa3bcc6,Lianyungang,YRD,Mangrove,2001,2022,0.0,0.0,0.0,,undefined_zero_start,0.0,computed,22,stable,2001-2022,deterministic endpoint change and centered OLS slope,0.363636,0.471698,,,0.363636,0.5,11,53
coastal-wetland-evidence-contract,1.0.0,a4cf9efdecf6735f87d398acc56604e66df26e62f1a2f1e96fafd7791aa3bcc6,Nantong,YRD,Mangrove,2001,2022,0.0,0.0,0.0,,undefined_zero_start,0.0,computed,22,stable,2001-2022,deterministic endpoint change and centered OLS slope,0.363636,0.471698,,,0.363636,0.5,11,53
coastal-wetland-evidence-contract,1.0.0,a4cf9efdecf6735f87d398acc56604e66df26e62f1a2f1e96fafd7791aa3bcc6,Ningbo,YRD,Mangrove,2001,2022,0.252499868907016,1.17810339362745,0.9256035247204342,3.665758436735233,computed,0.024130191950835402,computed,22,increase,2001-2022,deterministic endpoint change and centered OLS slope,1.0,0.924528,0.75,0.928571,1.0,0.886792,11,53
coastal-wetland-evidence-contract,1.0.0,a4cf9efdecf6735f87d398acc56604e66df26e62f1a2f1e96fafd7791aa3bcc6,Shanghai_Shi,YRD,Mangrove,2001,2022,0.0,0.0,0.0,,undefined_zero_start,0.0,computed,22,stable,2001-2022,deterministic endpoint change and centered OLS slope,0.363636,0.471698,,,0.363636,0.5,11,53
coastal-wetland-evidence-contract,1.0.0,a4cf9efdecf6735f87d398acc56604e66df26e62f1a2f1e96fafd7791aa3bcc6,Shaoxing,YRD,Mangrove,2001,2022,0.0,0.0,0.0,,undefined_zero_start,0.0,computed,22,stable,2001-2022,deterministic endpoint change and centered OLS slope,0.363636,0.471698,,,0.363636,0.5,11,53
coastal-wetland-evidence-contract,1.0.0,a4cf9efdecf6735f87d398acc56604e66df26e62f1a2f1e96fafd7791aa3bcc6,Taizhou,YRD,Mangrove,2001,2022,0.167158456043199,0.423806020971201,0.256647564928002,1.535354962010873,computed,0.007067070256590469,computed,22,increase,2001-2022,deterministic endpoint change and centered OLS slope,0.818182,0.792453,0.5,0.892857,0.909091,0.811321,11,53
coastal-wetland-evidence-contract,1.0.0,a4cf9efdecf6735f87d398acc56604e66df26e62f1a2f1e96fafd7791aa3bcc6,Wenzhou,YRD,Mangrove,2001,2022,0.312705579316023,0.628714884183517,0.31600930486749396,1.0105649715579017,computed,0.004132759203188739,computed,22,increase,2001-2022,deterministic endpoint change and centered OLS slope,0.909091,0.830189,0.25,0.821429,0.818182,0.792453,11,53
coastal-wetland-evidence-contract,1.0.0,a4cf9efdecf6735f87d398acc56604e66df26e62f1a2f1e96fafd7791aa3bcc6,Yancheng,YRD,Mangrove,2001,2022,0.0,0.0,0.0,,undefined_zero_start,0.0,computed,22,stable,2001-2022,deterministic endpoint change and centered OLS slope,0.363636,0.471698,,,0.363636,0.5,11,53
coastal-wetland-evidence-contract,1.0.0,a4cf9efdecf6735f87d398acc56604e66df26e62f1a2f1e96fafd7791aa3bcc6,Zhoushan,YRD,Mangrove,2001,2022,0.0074147561006433,0.0977588411343444,0.0903440850337011,12.184363694156158,computed,0.0030641949776591118,computed,22,increase,2001-2022,deterministic endpoint change and centered OLS slope,0.727273,0.735849,1.0,1.0,0.727273,0.754717,11,53
coastal-wetland-evidence-contract,1.0.0,a4cf9efdecf6735f87d398acc56604e66df26e62f1a2f1e96fafd7791aa3bcc6,Beihai,BBG,Marsh,2001,2022,17.207040101191,32.4684057217409,15.261365620549899,0.8869256729106808,computed,0.5143403911641952,computed,22,increase,2001-2022,deterministic endpoint change and centered OLS slope,0.857143,0.943396,0.857143,0.981132,0.714286,0.679245,7,53
coastal-wetland-evidence-contract,1.0.0,a4cf9efdecf6735f87d398acc56604e66df26e62f1a2f1e96fafd7791aa3bcc6,Fangchenggang,BBG,Marsh,2001,2022,12.109151839005,23.1514419705308,11.042290131525801,0.9118962482539271,computed,0.3110831148909372,computed,22,increase,2001-2022,deterministic endpoint change and centered OLS slope,0.571429,0.867925,1.0,1.0,0.428571,0.622642,7,53
coastal-wetland-evidence-contract,1.0.0,a4cf9efdecf6735f87d398acc56604e66df26e62f1a2f1e96fafd7791aa3bcc6,Hainan_Sheng,BBG,Marsh,2001,2022,142.327521403745,150.490910911611,8.163389507865986,0.05735636669108176,computed,-0.7045586897918482,computed,22,increase,2001-2022,deterministic endpoint change and centered OLS slope,0.285714,0.792453,0.142857,0.490566,0.142857,0.132075,7,53
coastal-wetland-evidence-contract,1.0.0,a4cf9efdecf6735f87d398acc56604e66df26e62f1a2f1e96fafd7791aa3bcc6,Maoming,BBG,Marsh,2001,2022,17.2801250610065,21.2275293824755,3.947404321468998,0.22843609681833382,computed,0.2834742695941894,computed,22,increase,2001-2022,deterministic endpoint change and centered OLS slope,0.142857,0.584906,0.285714,0.566038,0.285714,0.584906,7,53
coastal-wetland-evidence-contract,1.0.0,a4cf9efdecf6735f87d398acc56604e66df26e62f1a2f1e96fafd7791aa3bcc6,Qinzhou,BBG,Marsh,2001,2022,19.5428467389438,29.116152565131,9.573305826187198,0.4898624010139779,computed,0.3844848561490257,computed,22,increase,2001-2022,deterministic endpoint change and centered OLS slope,0.428571,0.830189,0.714286,0.849057,0.571429,0.641509,7,53
coastal-wetland-evidence-contract,1.0.0,a4cf9efdecf6735f87d398acc56604e66df26e62f1a2f1e96fafd7791aa3bcc6,Yangjiang,BBG,Marsh,2001,2022,28.8509142867647,40.3545061219478,11.503591835183101,0.39872538252489115,computed,0.7039208771705298,computed,22,increase,2001-2022,deterministic endpoint change and centered OLS slope,0.714286,0.924528,0.571429,0.773585,0.857143,0.830189,7,53
coastal-wetland-evidence-contract,1.0.0,a4cf9efdecf6735f87d398acc56604e66df26e62f1a2f1e96fafd7791aa3bcc6,Zhanjiang,BBG,Marsh,2001,2022,64.9369147152268,88.5702393463272,23.633324631100393,0.3639428318197986,computed,0.9624537880933023,computed,22,increase,2001-2022,deterministic endpoint change and centered OLS slope,1.0,0.962264,0.428571,0.716981,1.0,0.867925,7,53
coastal-wetland-evidence-contract,1.0.0,a4cf9efdecf6735f87d398acc56604e66df26e62f1a2f1e96fafd7791aa3bcc6,Binzhou,BYS,Marsh,2001,2022,92.4471971348787,89.3782915378938,-3.068905596984905,-0.033196307644756715,computed,0.8916966052708469,computed,22,decrease,2001-2022,deterministic endpoint change and centered OLS slope,0.764706,0.339623,0.764706,0.415094,0.705882,0.849057,17,53
coastal-wetland-evidence-contract,1.0.0,a4cf9efdecf6735f87d398acc56604e66df26e62f1a2f1e96fafd7791aa3bcc6,Cangzhou,BYS,Marsh,2001,2022,156.565489807484,142.638503893352,-13.92698591413199,-0.08895310155039202,computed,-1.2024806175608693,computed,22,decrease,2001-2022,deterministic endpoint change and centered OLS slope,0.647059,0.226415,0.705882,0.377358,0.352941,0.113208,17,53
coastal-wetland-evidence-contract,1.0.0,a4cf9efdecf6735f87d398acc56604e66df26e62f1a2f1e96fafd7791aa3bcc6,Dalian,BYS,Marsh,2001,2022,57.2469660779298,46.4987309384861,-10.7482351394437,-0.18775204828867648,computed,0.9774925289141957,computed,22,decrease,2001-2022,deterministic endpoint change and centered OLS slope,0.705882,0.283019,0.588235,0.301887,0.764706,0.886792,17,53
coastal-wetland-evidence-contract,1.0.0,a4cf9efdecf6735f87d398acc56604e66df26e62f1a2f1e96fafd7791aa3bcc6,Dandong,BYS,Marsh,2001,2022,88.9000456946291,38.6317056999273,-50.2683399947018,-0.5654478532820233,computed,0.661707599874145,computed,22,decrease,2001-2022,deterministic endpoint change and centered OLS slope,0.294118,0.09434,0.058824,0.018868,0.647059,0.811321,17,53
coastal-wetland-evidence-contract,1.0.0,a4cf9efdecf6735f87d398acc56604e66df26e62f1a2f1e96fafd7791aa3bcc6,Dongying,BYS,Marsh,2001,2022,346.993444105758,251.664115180491,-95.32932892526699,-0.2747294813334057,computed,-2.615003407375124,computed,22,decrease,2001-2022,deterministic endpoint change and centered OLS slope,0.176471,0.056604,0.352941,0.207547,0.176471,0.056604,17,53
coastal-wetland-evidence-contract,1.0.0,a4cf9efdecf6735f87d398acc56604e66df26e62f1a2f1e96fafd7791aa3bcc6,Huludao,BYS,Marsh,2001,2022,18.8028117154029,18.4776913500134,-0.3251203653894983,-0.01729105041897356,computed,0.17087580095114485,computed,22,decrease,2001-2022,deterministic endpoint change and centered OLS slope,0.823529,0.433962,0.823529,0.433962,0.470588,0.54717,17,53
coastal-wetland-evidence-contract,1.0.0,a4cf9efdecf6735f87d398acc56604e66df26e62f1a2f1e96fafd7791aa3bcc6,Jinzhou,BYS,Marsh,2001,2022,112.327777182538,85.8211012734009,-26.5066759091371,-0.23597614565151137,computed,-1.4421689441671943,computed,22,decrease,2001-2022,deterministic endpoint change and centered OLS slope,0.470588,0.150943,0.529412,0.264151,0.294118,0.09434,17,53
coastal-wetland-evidence-contract,1.0.0,a4cf9efdecf6735f87d398acc56604e66df26e62f1a2f1e96fafd7791aa3bcc6,Panjin,BYS,Marsh,2001,2022,731.908051866872,659.822272688242,-72.08577917862999,-0.09849021198053685,computed,-2.140216431789303,computed,22,decrease,2001-2022,deterministic endpoint change and centered OLS slope,0.235294,0.075472,0.647059,0.358491,0.235294,0.075472,17,53
coastal-wetland-evidence-contract,1.0.0,a4cf9efdecf6735f87d398acc56604e66df26e62f1a2f1e96fafd7791aa3bcc6,Qingdao,BYS,Marsh,2001,2022,57.9116203776616,58.025701081338,0.11408070367640022,0.0019699104071417913,computed,2.6287356121928047,computed,22,increase,2001-2022,deterministic endpoint change and centered OLS slope,0.941176,0.471698,0.941176,0.471698,0.941176,0.962264,17,53
coastal-wetland-evidence-contract,1.0.0,a4cf9efdecf6735f87d398acc56604e66df26e62f1a2f1e96fafd7791aa3bcc6,Qinhuangdao,BYS,Marsh,2001,2022,34.6826121932845,34.6584301460017,-0.0241820472827996,-0.0006972383495232204,computed,0.39963976184710004,computed,22,decrease,2001-2022,deterministic endpoint change and centered OLS slope,0.882353,0.45283,0.882353,0.45283,0.529412,0.660377,17,53
coastal-wetland-evidence-contract,1.0.0,a4cf9efdecf6735f87d398acc56604e66df26e62f1a2f1e96fafd7791aa3bcc6,Rizhao,BYS,Marsh,2001,2022,49.6375583521636,23.2136566216471,-26.4239017305165,-0.5323368555529432,computed,-0.5305969104752964,computed,22,decrease,2001-2022,deterministic endpoint change and centered OLS slope,0.529412,0.169811,0.117647,0.037736,0.411765,0.169811,17,53
coastal-wetland-evidence-contract,1.0.0,a4cf9efdecf6735f87d398acc56604e66df26e62f1a2f1e96fafd7791aa3bcc6,Tangshan,BYS,Marsh,2001,2022,380.439726880911,258.042013337237,-122.397713543674,-0.3217269514600092,computed,-3.0060442565234893,computed,22,decrease,2001-2022,deterministic endpoint change and centered OLS slope,0.117647,0.037736,0.294118,0.188679,0.117647,0.037736,17,53
coastal-wetland-evidence-contract,1.0.0,a4cf9efdecf6735f87d398acc56604e66df26e62f1a2f1e96fafd7791aa3bcc6,Tianjin_Shi,BYS,Marsh,2001,2022,771.143084356462,568.398235723581,-202.74484863288103,-0.2629146947509445,computed,-6.054210988611998,computed,22,decrease,2001-2022,deterministic endpoint change and centered OLS slope,0.058824,0.018868,0.411765,0.226415,0.058824,0.018868,17,53
coastal-wetland-evidence-contract,1.0.0,a4cf9efdecf6735f87d398acc56604e66df26e62f1a2f1e96fafd7791aa3bcc6,Weifang,BYS,Marsh,2001,2022,167.21070290976,125.373758060527,-41.83694484923299,-0.25020494574328467,computed,3.626853102939496,computed,22,decrease,2001-2022,deterministic endpoint change and centered OLS slope,0.352941,0.113208,0.470588,0.245283,1.0,0.981132,17,53
coastal-wetland-evidence-contract,1.0.0,a4cf9efdecf6735f87d398acc56604e66df26e62f1a2f1e96fafd7791aa3bcc6,Weihai,BYS,Marsh,2001,2022,33.7399151186447,19.7034307211148,-14.036484397529904,-0.4160201455211525,computed,0.5421685290737484,computed,22,decrease,2001-2022,deterministic endpoint change and centered OLS slope,0.588235,0.207547,0.176471,0.075472,0.588235,0.735849,17,53
coastal-wetland-evidence-contract,1.0.0,a4cf9efdecf6735f87d398acc56604e66df26e62f1a2f1e96fafd7791aa3bcc6,Yantai,BYS,Marsh,2001,2022,75.3695918734298,45.9798889008061,-29.389702972623695,-0.38994111872038023,computed,1.8480521303635173,computed,22,decrease,2001-2022,deterministic endpoint change and centered OLS slope,0.411765,0.132075,0.235294,0.113208,0.882353,0.924528,17,53
coastal-wetland-evidence-contract,1.0.0,a4cf9efdecf6735f87d398acc56604e66df26e62f1a2f1e96fafd7791aa3bcc6,Yingkou,BYS,Marsh,2001,2022,71.8180557895727,79.0091637038102,7.191107914237506,0.100129526414743,computed,1.2285007622510473,computed,22,increase,2001-2022,deterministic endpoint change and centered OLS slope,1.0,0.754717,1.0,0.509434,0.823529,0.90566,17,53
coastal-wetland-evidence-contract,1.0.0,a4cf9efdecf6735f87d398acc56604e66df26e62f1a2f1e96fafd7791aa3bcc6,Chaozhou,HX,Marsh,2001,2022,8.93324684205727,10.2578220509229,1.32457520886563,0.1482747798515538,computed,0.028300290835926886,computed,22,increase,2001-2022,deterministic endpoint change and centered OLS slope,0.444444,0.509434,0.444444,0.54717,0.555556,0.358491,9,53
coastal-wetland-evidence-contract,1.0.0,a4cf9efdecf6735f87d398acc56604e66df26e62f1a2f1e96fafd7791aa3bcc6,Fuzhou,HX,Marsh,2001,2022,21.6434210192479,31.6378775486022,9.994456529354302,0.461778039639207,computed,0.5576440340658131,computed,22,increase,2001-2022,deterministic endpoint change and centered OLS slope,1.0,0.849057,0.777778,0.830189,1.0,0.773585,9,53
coastal-wetland-evidence-contract,1.0.0,a4cf9efdecf6735f87d398acc56604e66df26e62f1a2f1e96fafd7791aa3bcc6,Jieyang,HX,Marsh,2001,2022,14.2411066492073,19.954203537883,5.7130968886757,0.40116944767025586,computed,0.12203119193017528,computed,22,increase,2001-2022,deterministic endpoint change and centered OLS slope,0.777778,0.698113,0.666667,0.811321,0.666667,0.490566,9,53
coastal-wetland-evidence-contract,1.0.0,a4cf9efdecf6735f87d398acc56604e66df26e62f1a2f1e96fafd7791aa3bcc6,Ningde,HX,Marsh,2001,2022,17.5710160136642,14.7476202085976,-2.8233958050665997,-0.16068483477967183,computed,-0.20399191350288384,computed,22,decrease,2001-2022,deterministic endpoint change and centered OLS slope,0.111111,0.377358,0.222222,0.320755,0.111111,0.226415,9,53
coastal-wetland-evidence-contract,1.0.0,a4cf9efdecf6735f87d398acc56604e66df26e62f1a2f1e96fafd7791aa3bcc6,Putian,HX,Marsh,2001,2022,4.18865722005591,5.74094612545573,1.5522889053998208,0.3705934441155109,computed,-0.0013110046664898834,computed,22,increase,2001-2022,deterministic endpoint change and centered OLS slope,0.555556,0.54717,0.555556,0.735849,0.444444,0.339623,9,53
coastal-wetland-evidence-contract,1.0.0,a4cf9efdecf6735f87d398acc56604e66df26e62f1a2f1e96fafd7791aa3bcc6,Quanzhou,HX,Marsh,2001,2022,6.7865048904833,11.9421318818666,5.155626991383299,0.7596880978621297,computed,0.13784557052195515,computed,22,increase,2001-2022,deterministic endpoint change and centered OLS slope,0.666667,0.679245,1.0,0.924528,0.777778,0.509434,9,53
coastal-wetland-evidence-contract,1.0.0,a4cf9efdecf6735f87d398acc56604e66df26e62f1a2f1e96fafd7791aa3bcc6,Shantou,HX,Marsh,2001,2022,12.4941513223652,19.3679100157859,6.873758693420699,0.5501581112689345,computed,0.14162894760803704,computed,22,increase,2001-2022,deterministic endpoint change and centered OLS slope,0.888889,0.716981,0.888889,0.867925,0.888889,0.528302,9,53
coastal-wetland-evidence-contract,1.0.0,a4cf9efdecf6735f87d398acc56604e66df26e62f1a2f1e96fafd7791aa3bcc6,Xiamen,HX,Marsh,2001,2022,4.1506900244332,3.31901505342371,-0.8316749710094902,-0.20037029171386028,computed,-0.026179965249202748,computed,22,decrease,2001-2022,deterministic endpoint change and centered OLS slope,0.333333,0.415094,0.111111,0.283019,0.333333,0.301887,9,53
coastal-wetland-evidence-contract,1.0.0,a4cf9efdecf6735f87d398acc56604e66df26e62f1a2f1e96fafd7791aa3bcc6,Zhangzhou,HX,Marsh,2001,2022,24.6001051617493,22.0093102931679,-2.5907948685814013,-0.10531641436272507,computed,-0.09028372616791969,computed,22,decrease,2001-2022,deterministic endpoint change and centered OLS slope,0.222222,0.396226,0.333333,0.339623,0.222222,0.245283,9,53
coastal-wetland-evidence-contract,1.0.0,a4cf9efdecf6735f87d398acc56604e66df26e62f1a2f1e96fafd7791aa3bcc6,Dongguan,PRD,Marsh,2001,2022,11.3047154689836,15.7912769373468,4.486561468363199,0.39687522261598174,computed,0.11093166172017464,computed,22,increase,2001-2022,deterministic endpoint change and centered OLS slope,0.333333,0.622642,0.555556,0.754717,0.666667,0.471698,9,53
coastal-wetland-evidence-contract,1.0.0,a4cf9efdecf6735f87d398acc56604e66df26e62f1a2f1e96fafd7791aa3bcc6,Guangzhou,PRD,Marsh,2001,2022,15.7211389608341,26.7885830492953,11.067444088461201,0.7039848776881499,computed,0.6411812581921948,computed,22,increase,2001-2022,deterministic endpoint change and centered OLS slope,0.777778,0.886792,0.777778,0.90566,0.888889,0.792453,9,53
coastal-wetland-evidence-contract,1.0.0,a4cf9efdecf6735f87d398acc56604e66df26e62f1a2f1e96fafd7791aa3bcc6,Hong_Kong,PRD,Marsh,2001,2022,1.75806766326976,3.23564943029258,1.4775817670228197,0.8404578492017334,computed,0.07017595815736564,computed,22,increase,2001-2022,deterministic endpoint change and centered OLS slope,0.222222,0.528302,1.0,0.962264,0.444444,0.415094,9,53
coastal-wetland-evidence-contract,1.0.0,a4cf9efdecf6735f87d398acc56604e66df26e62f1a2f1e96fafd7791aa3bcc6,Huizhou,PRD,Marsh,2001,2022,28.2210754038565,39.4941500083333,11.2730746044768,0.399455883347957,computed,0.06025301805543315,computed,22,increase,2001-2022,deterministic endpoint change and centered OLS slope,0.888889,0.90566,0.666667,0.792453,0.333333,0.396226,9,53
coastal-wetland-evidence-contract,1.0.0,a4cf9efdecf6735f87d398acc56604e66df26e62f1a2f1e96fafd7791aa3bcc6,Jiangmen,PRD,Marsh,2001,2022,46.3573928768152,82.5348409442861,36.177448067470905,0.7804029912468264,computed,2.1685148363737983,computed,22,increase,2001-2022,deterministic endpoint change and centered OLS slope,1.0,0.981132,0.888889,0.943396,1.0,0.943396,9,53
coastal-wetland-evidence-contract,1.0.0,a4cf9efdecf6735f87d398acc56604e66df26e62f1a2f1e96fafd7791aa3bcc6,Shanwei,PRD,Marsh,2001,2022,31.6528379905485,40.4978016885224,8.844963697973903,0.2794366717011283,computed,0.030694614270986534,computed,22,increase,2001-2022,deterministic endpoint change and centered OLS slope,0.666667,0.811321,0.444444,0.641509,0.222222,0.377358,9,53
coastal-wetland-evidence-contract,1.0.0,a4cf9efdecf6735f87d398acc56604e66df26e62f1a2f1e96fafd7791aa3bcc6,Shenzhen,PRD,Marsh,2001,2022,8.11918407352941,5.227972009555,-2.891212063974411,-0.35609638084207157,computed,-0.08971873834079053,computed,22,decrease,2001-2022,deterministic endpoint change and centered OLS slope,0.111111,0.358491,0.111111,0.150943,0.111111,0.264151,9,53
coastal-wetland-evidence-contract,1.0.0,a4cf9efdecf6735f87d398acc56604e66df26e62f1a2f1e96fafd7791aa3bcc6,Zhongshan,PRD,Marsh,2001,2022,19.6094461039675,24.1007879652076,4.491341861240102,0.22903971062861314,computed,0.07837851658172552,computed,22,increase,2001-2022,deterministic endpoint change and centered OLS slope,0.444444,0.641509,0.222222,0.584906,0.555556,0.433962,9,53
coastal-wetland-evidence-contract,1.0.0,a4cf9efdecf6735f87d398acc56604e66df26e62f1a2f1e96fafd7791aa3bcc6,Zhuhai,PRD,Marsh,2001,2022,21.9901015431027,27.1403871762791,5.150285633176399,0.2342092701610016,computed,0.5185119790094508,computed,22,increase,2001-2022,deterministic endpoint change and centered OLS slope,0.555556,0.660377,0.333333,0.603774,0.777778,0.698113,9,53
coastal-wetland-evidence-contract,1.0.0,a4cf9efdecf6735f87d398acc56604e66df26e62f1a2f1e96fafd7791aa3bcc6,Hangzhou,YRD,Marsh,2001,2022,34.8921061187078,23.4817274654641,-11.4103786532437,-0.3270189140897372,computed,-0.583541827771733,computed,22,decrease,2001-2022,deterministic endpoint change and centered OLS slope,0.272727,0.264151,0.363636,0.169811,0.090909,0.150943,11,53
coastal-wetland-evidence-contract,1.0.0,a4cf9efdecf6735f87d398acc56604e66df26e62f1a2f1e96fafd7791aa3bcc6,Jiaxing,YRD,Marsh,2001,2022,28.066754283429,35.8913488187423,7.824594535313302,0.2787851582800599,computed,0.5375840761419387,computed,22,increase,2001-2022,deterministic endpoint change and centered OLS slope,0.909091,0.773585,0.636364,0.622642,0.818182,0.716981,11,53
coastal-wetland-evidence-contract,1.0.0,a4cf9efdecf6735f87d398acc56604e66df26e62f1a2f1e96fafd7791aa3bcc6,Lianyungang,YRD,Marsh,2001,2022,98.057701168005,91.9264171479331,-6.131284020071902,-0.062527307361275,computed,0.5455239665880663,computed,22,decrease,2001-2022,deterministic endpoint change and centered OLS slope,0.454545,0.320755,0.454545,0.396226,0.909091,0.754717,11,53
coastal-wetland-evidence-contract,1.0.0,a4cf9efdecf6735f87d398acc56604e66df26e62f1a2f1e96fafd7791aa3bcc6,Nantong,YRD,Marsh,2001,2022,12.1769415021906,16.2581342680492,4.081192765858601,0.3351574584738216,computed,0.2760197585760943,computed,22,increase,2001-2022,deterministic endpoint change and centered OLS slope,0.727273,0.603774,0.818182,0.679245,0.636364,0.566038,11,53
coastal-wetland-evidence-contract,1.0.0,a4cf9efdecf6735f87d398acc56604e66df26e62f1a2f1e96fafd7791aa3bcc6,Ningbo,YRD,Marsh,2001,2022,30.32677529123,17.8198201020488,-12.506955189181198,-0.4124063659613029,computed,-0.40702811270931755,computed,22,decrease,2001-2022,deterministic endpoint change and centered OLS slope,0.181818,0.245283,0.181818,0.09434,0.181818,0.188679,11,53
coastal-wetland-evidence-contract,1.0.0,a4cf9efdecf6735f87d398acc56604e66df26e62f1a2f1e96fafd7791aa3bcc6,Shanghai_Shi,YRD,Marsh,2001,2022,21.1512253845895,28.1447094091262,6.9934840245366985,0.3306420265197522,computed,0.2985115010267159,computed,22,increase,2001-2022,deterministic endpoint change and centered OLS slope,0.818182,0.735849,0.727273,0.660377,0.727273,0.603774,11,53
coastal-wetland-evidence-contract,1.0.0,a4cf9efdecf6735f87d398acc56604e66df26e62f1a2f1e96fafd7791aa3bcc6,Shaoxing,YRD,Marsh,2001,2022,44.8732697119485,27.3864810593635,-17.486788652585002,-0.3896927673164132,computed,-0.017554376797963716,computed,22,decrease,2001-2022,deterministic endpoint change and centered OLS slope,0.090909,0.188679,0.272727,0.132075,0.454545,0.320755,11,53
coastal-wetland-evidence-contract,1.0.0,a4cf9efdecf6735f87d398acc56604e66df26e62f1a2f1e96fafd7791aa3bcc6,Taizhou,YRD,Marsh,2001,2022,15.0353487336818,16.9479341028799,1.9125853691980979,0.12720592006712644,computed,-0.39549694896717064,computed,22,increase,2001-2022,deterministic endpoint change and centered OLS slope,0.636364,0.566038,0.545455,0.528302,0.272727,0.207547,11,53
coastal-wetland-evidence-contract,1.0.0,a4cf9efdecf6735f87d398acc56604e66df26e62f1a2f1e96fafd7791aa3bcc6,Wenzhou,YRD,Marsh,2001,2022,17.0374244233686,9.43361443458562,-7.603809988782979,-0.4463004383663509,computed,-0.06903563879101693,computed,22,decrease,2001-2022,deterministic endpoint change and centered OLS slope,0.363636,0.301887,0.090909,0.056604,0.363636,0.283019,11,53
coastal-wetland-evidence-contract,1.0.0,a4cf9efdecf6735f87d398acc56604e66df26e62f1a2f1e96fafd7791aa3bcc6,Yancheng,YRD,Marsh,2001,2022,153.534937502011,249.698923059821,96.16398555781001,0.626332918893789,computed,7.267530091701411,computed,22,increase,2001-2022,deterministic endpoint change and centered OLS slope,1.0,1.0,1.0,0.886792,1.0,1.0,11,53
coastal-wetland-evidence-contract,1.0.0,a4cf9efdecf6735f87d398acc56604e66df26e62f1a2f1e96fafd7791aa3bcc6,Zhoushan,YRD,Marsh,2001,2022,2.61716941914062,3.52419245611022,0.9070230369696,0.3465664203226982,computed,0.10932896967715564,computed,22,increase,2001-2022,deterministic endpoint change and centered OLS slope,0.545455,0.490566,0.909091,0.698113,0.545455,0.45283,11,53
coastal-wetland-evidence-contract,1.0.0,a4cf9efdecf6735f87d398acc56604e66df26e62f1a2f1e96fafd7791aa3bcc6,Beihai,BBG,Salt_Marsh,2001,2022,14.7815848921224,15.6858089286191,0.9042240364967,0.06117233321702811,computed,-0.006100969309188138,computed,22,increase,2001-2022,deterministic endpoint change and centered OLS slope,0.285714,0.433962,0.142857,0.117647,0.142857,0.09434,7,53
coastal-wetland-evidence-contract,1.0.0,a4cf9efdecf6735f87d398acc56604e66df26e62f1a2f1e96fafd7791aa3bcc6,Fangchenggang,BBG,Salt_Marsh,2001,2022,5.26266201785769,5.88926227266773,0.6266002548100396,0.11906526633931819,computed,0.01434345124012082,computed,22,increase,2001-2022,deterministic endpoint change and centered OLS slope,0.142857,0.377358,0.285714,0.156863,0.285714,0.301887,7,53
coastal-wetland-evidence-contract,1.0.0,a4cf9efdecf6735f87d398acc56604e66df26e62f1a2f1e96fafd7791aa3bcc6,Hainan_Sheng,BBG,Salt_Marsh,2001,2022,20.2930248811772,29.1104282994025,8.8174034182253,0.4345041446435068,computed,0.5032488544067507,computed,22,increase,2001-2022,deterministic endpoint change and centered OLS slope,1.0,0.90566,0.714286,0.392157,1.0,0.90566,7,53
coastal-wetland-evidence-contract,1.0.0,a4cf9efdecf6735f87d398acc56604e66df26e62f1a2f1e96fafd7791aa3bcc6,Maoming,BBG,Salt_Marsh,2001,2022,1.62687160112975,2.71456652138097,1.08769492025122,0.6685806793209071,computed,0.0666633431986871,computed,22,increase,2001-2022,deterministic endpoint change and centered OLS slope,0.428571,0.509434,1.0,0.529412,0.428571,0.54717,7,53
coastal-wetland-evidence-contract,1.0.0,a4cf9efdecf6735f87d398acc56604e66df26e62f1a2f1e96fafd7791aa3bcc6,Qinzhou,BBG,Salt_Marsh,2001,2022,10.3680052977367,15.6581032455691,5.2900979478324,0.5102329518472768,computed,0.23629581017255438,computed,22,increase,2001-2022,deterministic endpoint change and centered OLS slope,0.714286,0.754717,0.857143,0.45098,0.571429,0.735849,7,53
coastal-wetland-evidence-contract,1.0.0,a4cf9efdecf6735f87d398acc56604e66df26e62f1a2f1e96fafd7791aa3bcc6,Yangjiang,BBG,Salt_Marsh,2001,2022,10.0524261397403,13.1850349193819,3.1326087796416004,0.3116271371800927,computed,0.2572072664524614,computed,22,increase,2001-2022,deterministic endpoint change and centered OLS slope,0.571429,0.698113,0.428571,0.294118,0.714286,0.773585,7,53
coastal-wetland-evidence-contract,1.0.0,a4cf9efdecf6735f87d398acc56604e66df26e62f1a2f1e96fafd7791aa3bcc6,Zhanjiang,BBG,Salt_Marsh,2001,2022,24.5371752309972,33.1654473009575,8.628272069960303,0.3516408057868219,computed,0.3863308663901218,computed,22,increase,2001-2022,deterministic endpoint change and centered OLS slope,0.857143,0.886792,0.571429,0.313725,0.857143,0.867925,7,53
coastal-wetland-evidence-contract,1.0.0,a4cf9efdecf6735f87d398acc56604e66df26e62f1a2f1e96fafd7791aa3bcc6,Binzhou,BYS,Salt_Marsh,2001,2022,0.0,0.345459879394531,0.345459879394531,,undefined_zero_start,0.0247677650705323,computed,22,increase,2001-2022,deterministic endpoint change and centered OLS slope,0.352941,0.320755,,,0.352941,0.358491,17,53
coastal-wetland-evidence-contract,1.0.0,a4cf9efdecf6735f87d398acc56604e66df26e62f1a2f1e96fafd7791aa3bcc6,Cangzhou,BYS,Salt_Marsh,2001,2022,0.0685263797181372,0.117295922639017,0.0487695429208798,0.7116900545669967,computed,0.0020640864759333306,computed,22,increase,2001-2022,deterministic endpoint change and centered OLS slope,0.235294,0.150943,0.266667,0.588235,0.176471,0.169811,17,53
coastal-wetland-evidence-contract,1.0.0,a4cf9efdecf6735f87d398acc56604e66df26e62f1a2f1e96fafd7791aa3bcc6,Dalian,BYS,Salt_Marsh,2001,2022,2.55659002511872,30.4412317981618,27.884641773043082,10.906966505804233,computed,1.2728750493484962,computed,22,increase,2001-2022,deterministic endpoint change and centered OLS slope,0.941176,0.981132,0.933333,0.960784,0.941176,0.981132,17,53
coastal-wetland-evidence-contract,1.0.0,a4cf9efdecf6735f87d398acc56604e66df26e62f1a2f1e96fafd7791aa3bcc6,Dandong,BYS,Salt_Marsh,2001,2022,2.9514844695638,5.78339384064798,2.83190937108418,0.9594864551337815,computed,0.1637154670602066,computed,22,increase,2001-2022,deterministic endpoint change and centered OLS slope,0.705882,0.660377,0.466667,0.705882,0.764706,0.679245,17,53
coastal-wetland-evidence-contract,1.0.0,a4cf9efdecf6735f87d398acc56604e66df26e62f1a2f1e96fafd7791aa3bcc6,Dongying,BYS,Salt_Marsh,2001,2022,2.73436936949104,3.99259767207223,1.2582283025811898,0.4601530124715335,computed,0.04336064092489384,computed,22,increase,2001-2022,deterministic endpoint change and centered OLS slope,0.529412,0.528302,0.2,0.431373,0.470588,0.45283,17,53
coastal-wetland-evidence-contract,1.0.0,a4cf9efdecf6735f87d398acc56604e66df26e62f1a2f1e96fafd7791aa3bcc6,Huludao,BYS,Salt_Marsh,2001,2022,0.524335182617188,3.50668991875766,2.982354736140472,5.6878783553188725,computed,0.1346553347643179,computed,22,increase,2001-2022,deterministic endpoint change and centered OLS slope,0.764706,0.679245,0.8,0.862745,0.705882,0.641509,17,53
coastal-wetland-evidence-contract,1.0.0,a4cf9efdecf6735f87d398acc56604e66df26e62f1a2f1e96fafd7791aa3bcc6,Jinzhou,BYS,Salt_Marsh,2001,2022,2.73854149511719,4.97023052029142,2.2316890251742296,0.8149188278334739,computed,0.09737518623016482,computed,22,increase,2001-2022,deterministic endpoint change and centered OLS slope,0.647059,0.622642,0.333333,0.607843,0.647059,0.603774,17,53
coastal-wetland-evidence-contract,1.0.0,a4cf9efdecf6735f87d398acc56604e66df26e62f1a2f1e96fafd7791aa3bcc6,Panjin,BYS,Salt_Marsh,2001,2022,9.99121458307676,44.9752462510474,34.98403166797064,3.501479362401746,computed,1.5784985436660417,computed,22,increase,2001-2022,deterministic endpoint change and centered OLS slope,1.0,1.0,0.733333,0.843137,1.0,1.0,17,53
coastal-wetland-evidence-contract,1.0.0,a4cf9efdecf6735f87d398acc56604e66df26e62f1a2f1e96fafd7791aa3bcc6,Qingdao,BYS,Salt_Marsh,2001,2022,0.314100612792969,1.3590825177045,1.044981904911531,3.3269018344778036,computed,0.06363598702686002,computed,22,increase,2001-2022,deterministic endpoint change and centered OLS slope,0.470588,0.490566,0.666667,0.823529,0.588235,0.509434,17,53
coastal-wetland-evidence-contract,1.0.0,a4cf9efdecf6735f87d398acc56604e66df26e62f1a2f1e96fafd7791aa3bcc6,Qinhuangdao,BYS,Salt_Marsh,2001,2022,1.19184219692096,0.949744764131433,-0.242097432789527,-0.20312876437415,computed,0.007762722067454674,computed,22,decrease,2001-2022,deterministic endpoint change and centered OLS slope,0.058824,0.056604,0.066667,0.019608,0.235294,0.207547,17,53
coastal-wetland-evidence-contract,1.0.0,a4cf9efdecf6735f87d398acc56604e66df26e62f1a2f1e96fafd7791aa3bcc6,Rizhao,BYS,Salt_Marsh,2001,2022,0.0,0.0155340676642923,0.0155340676642923,,undefined_zero_start,0.0002458622716088646,computed,22,increase,2001-2022,deterministic endpoint change and centered OLS slope,0.176471,0.113208,,,0.117647,0.150943,17,53
coastal-wetland-evidence-contract,1.0.0,a4cf9efdecf6735f87d398acc56604e66df26e62f1a2f1e96fafd7791aa3bcc6,Tangshan,BYS,Salt_Marsh,2001,2022,0.474851675158931,1.45918923329504,0.984337558136109,2.072936897204069,computed,0.0266047412384966,computed,22,increase,2001-2022,deterministic endpoint change and centered OLS slope,0.411765,0.45283,0.533333,0.764706,0.411765,0.377358,17,53
coastal-wetland-evidence-contract,1.0.0,a4cf9efdecf6735f87d398acc56604e66df26e62f1a2f1e96fafd7791aa3bcc6,Tianjin_Shi,BYS,Salt_Marsh,2001,2022,1.13566945170611,1.14845462623506,0.012785174528950005,0.011257830797282526,computed,-0.023818162600507536,computed,22,increase,2001-2022,deterministic endpoint change and centered OLS slope,0.117647,0.09434,0.133333,0.098039,0.058824,0.056604,17,53
coastal-wetland-evidence-contract,1.0.0,a4cf9efdecf6735f87d398acc56604e66df26e62f1a2f1e96fafd7791aa3bcc6,Weifang,BYS,Salt_Marsh,2001,2022,2.91230543913144,19.5676186104032,16.65531317127176,5.718944499255204,computed,0.7138646991961681,computed,22,increase,2001-2022,deterministic endpoint change and centered OLS slope,0.882353,0.962264,0.866667,0.882353,0.882353,0.962264,17,53
coastal-wetland-evidence-contract,1.0.0,a4cf9efdecf6735f87d398acc56604e66df26e62f1a2f1e96fafd7791aa3bcc6,Weihai,BYS,Salt_Marsh,2001,2022,0.47599320853439,1.9125533650314,1.43656015649701,3.0180265826066304,computed,0.06155137489127644,computed,22,increase,2001-2022,deterministic endpoint change and centered OLS slope,0.588235,0.54717,0.6,0.784314,0.529412,0.490566,17,53
coastal-wetland-evidence-contract,1.0.0,a4cf9efdecf6735f87d398acc56604e66df26e62f1a2f1e96fafd7791aa3bcc6,Yantai,BYS,Salt_Marsh,2001,2022,0.559862487088312,6.99830995666934,6.438447469581028,11.50005156277855,computed,0.2975308154444618,computed,22,increase,2001-2022,deterministic endpoint change and centered OLS slope,0.823529,0.849057,1.0,0.980392,0.823529,0.830189,17,53
coastal-wetland-evidence-contract,1.0.0,a4cf9efdecf6735f87d398acc56604e66df26e62f1a2f1e96fafd7791aa3bcc6,Yingkou,BYS,Salt_Marsh,2001,2022,0.308459232063802,0.589050180886183,0.280590948822381,0.9096532690723399,computed,0.008239312970295282,computed,22,increase,2001-2022,deterministic endpoint change and centered OLS slope,0.294118,0.283019,0.4,0.666667,0.294118,0.226415,17,53
coastal-wetland-evidence-contract,1.0.0,a4cf9efdecf6735f87d398acc56604e66df26e62f1a2f1e96fafd7791aa3bcc6,Chaozhou,HX,Salt_Marsh,2001,2022,0.117044605269608,0.135735320818015,0.01869071554840701,0.1596888255153121,computed,-0.0018712889572568715,computed,22,increase,2001-2022,deterministic endpoint change and centered OLS slope,0.222222,0.132075,0.333333,0.196078,0.222222,0.132075,9,53
coastal-wetland-evidence-contract,1.0.0,a4cf9efdecf6735f87d398acc56604e66df26e62f1a2f1e96fafd7791aa3bcc6,Fuzhou,HX,Salt_Marsh,2001,2022,22.4559049063841,27.8638340570696,5.407929150685501,0.2408243699477038,computed,0.24628301342846895,computed,22,increase,2001-2022,deterministic endpoint change and centered OLS slope,0.888889,0.811321,0.555556,0.27451,0.888889,0.754717,9,53
coastal-wetland-evidence-contract,1.0.0,a4cf9efdecf6735f87d398acc56604e66df26e62f1a2f1e96fafd7791aa3bcc6,Jieyang,HX,Salt_Marsh,2001,2022,1.0260976875,1.19100715527344,0.16490946777343995,0.1607151734014993,computed,0.010004922573647509,computed,22,increase,2001-2022,deterministic endpoint change and centered OLS slope,0.333333,0.188679,0.444444,0.215686,0.333333,0.264151,9,53
coastal-wetland-evidence-contract,1.0.0,a4cf9efdecf6735f87d398acc56604e66df26e62f1a2f1e96fafd7791aa3bcc6,Ningde,HX,Salt_Marsh,2001,2022,4.98647137622549,7.71873612439875,2.73226474817326,0.5479355123144111,computed,0.1876328319748198,computed,22,increase,2001-2022,deterministic endpoint change and centered OLS slope,0.666667,0.641509,0.777778,0.470588,0.777778,0.698113,9,53
coastal-wetland-evidence-contract,1.0.0,a4cf9efdecf6735f87d398acc56604e66df26e62f1a2f1e96fafd7791aa3bcc6,Putian,HX,Salt_Marsh,2001,2022,1.68251662961091,1.88798159132966,0.20546496171875006,0.12211764098062128,computed,0.02243457878447953,computed,22,increase,2001-2022,deterministic endpoint change and centered OLS slope,0.444444,0.207547,0.222222,0.176471,0.444444,0.339623,9,53
coastal-wetland-evidence-contract,1.0.0,a4cf9efdecf6735f87d398acc56604e66df26e62f1a2f1e96fafd7791aa3bcc6,Quanzhou,HX,Salt_Marsh,2001,2022,0.394584146599265,3.59897823510263,3.2043940885033653,8.12093976942695,computed,0.1541173162500796,computed,22,increase,2001-2022,deterministic endpoint change and centered OLS slope,0.777778,0.716981,0.888889,0.921569,0.666667,0.660377,9,53
coastal-wetland-evidence-contract,1.0.0,a4cf9efdecf6735f87d398acc56604e66df26e62f1a2f1e96fafd7791aa3bcc6,Shantou,HX,Salt_Marsh,2001,2022,11.7391546733571,9.6848590211895,-2.0542956521676015,-0.17499519423063578,computed,-0.002563777643439977,computed,22,decrease,2001-2022,deterministic endpoint change and centered OLS slope,0.111111,0.018868,0.111111,0.039216,0.111111,0.113208,9,53
coastal-wetland-evidence-contract,1.0.0,a4cf9efdecf6735f87d398acc56604e66df26e62f1a2f1e96fafd7791aa3bcc6,Xiamen,HX,Salt_Marsh,2001,2022,0.178565625742953,1.71613706940104,1.537571443658087,8.610679895756848,computed,0.08067387781758288,computed,22,increase,2001-2022,deterministic endpoint change and centered OLS slope,0.555556,0.584906,1.0,0.941176,0.555556,0.584906,9,53
coastal-wetland-evidence-contract,1.0.0,a4cf9efdecf6735f87d398acc56604e66df26e62f1a2f1e96fafd7791aa3bcc6,Zhangzhou,HX,Salt_Marsh,2001,2022,16.0264940556142,22.9329438145527,6.9064497589385,0.4309395264474028,computed,0.4157639944052148,computed,22,increase,2001-2022,deterministic endpoint change and centered OLS slope,1.0,0.867925,0.666667,0.372549,1.0,0.886792,9,53
coastal-wetland-evidence-contract,1.0.0,a4cf9efdecf6735f87d398acc56604e66df26e62f1a2f1e96fafd7791aa3bcc6,Dongguan,PRD,Salt_Marsh,2001,2022,1.11566614672564,1.35633649070159,0.2406703439759501,0.2157189627759986,computed,0.01095244830084975,computed,22,increase,2001-2022,deterministic endpoint change and centered OLS slope,0.333333,0.245283,0.333333,0.254902,0.333333,0.283019,9,53
coastal-wetland-evidence-contract,1.0.0,a4cf9efdecf6735f87d398acc56604e66df26e62f1a2f1e96fafd7791aa3bcc6,Guangzhou,PRD,Salt_Marsh,2001,2022,2.92227913304228,3.40199635186121,0.47971721881893004,0.16415858888863696,computed,0.027822119185082286,computed,22,increase,2001-2022,deterministic endpoint change and centered OLS slope,0.555556,0.339623,0.222222,0.235294,0.555556,0.396226,9,53
coastal-wetland-evidence-contract,1.0.0,a4cf9efdecf6735f87d398acc56604e66df26e62f1a2f1e96fafd7791aa3bcc6,Hong_Kong,PRD,Salt_Marsh,2001,2022,0.330753288756127,0.56368497243796,0.23293168368183303,0.7042460093377322,computed,0.00836458107549439,computed,22,increase,2001-2022,deterministic endpoint change and centered OLS slope,0.222222,0.226415,0.777778,0.568627,0.222222,0.245283,9,53
coastal-wetland-evidence-contract,1.0.0,a4cf9efdecf6735f87d398acc56604e66df26e62f1a2f1e96fafd7791aa3bcc6,Huizhou,PRD,Salt_Marsh,2001,2022,0.0183600146484375,0.70603534342065,0.6876753287722125,37.455053383126575,computed,0.035401674590466746,computed,22,increase,2001-2022,deterministic endpoint change and centered OLS slope,0.777778,0.396226,1.0,1.0,0.777778,0.433962,9,53
coastal-wetland-evidence-contract,1.0.0,a4cf9efdecf6735f87d398acc56604e66df26e62f1a2f1e96fafd7791aa3bcc6,Jiangmen,PRD,Salt_Marsh,2001,2022,17.9945061556028,29.3997303018114,11.4052241462086,0.6338170132364233,computed,0.6948638766783602,computed,22,increase,2001-2022,deterministic endpoint change and centered OLS slope,1.0,0.943396,0.666667,0.490196,1.0,0.943396,9,53
coastal-wetland-evidence-contract,1.0.0,a4cf9efdecf6735f87d398acc56604e66df26e62f1a2f1e96fafd7791aa3bcc6,Shanwei,PRD,Salt_Marsh,2001,2022,0.784135472503064,1.0709700775314,0.2868346050283359,0.3657972570896735,computed,0.01711515674293797,computed,22,increase,2001-2022,deterministic endpoint change and centered OLS slope,0.444444,0.301887,0.444444,0.352941,0.444444,0.320755,9,53
coastal-wetland-evidence-contract,1.0.0,a4cf9efdecf6735f87d398acc56604e66df26e62f1a2f1e96fafd7791aa3bcc6,Shenzhen,PRD,Salt_Marsh,2001,2022,0.629837693121937,1.15352900911841,0.523691315996473,0.8314702687936557,computed,0.03446593568560115,computed,22,increase,2001-2022,deterministic endpoint change and centered OLS slope,0.666667,0.358491,0.888889,0.627451,0.666667,0.415094,9,53
coastal-wetland-evidence-contract,1.0.0,a4cf9efdecf6735f87d398acc56604e66df26e62f1a2f1e96fafd7791aa3bcc6,Zhongshan,PRD,Salt_Marsh,2001,2022,0.956936150827206,0.7997649489928,-0.15717120183440592,-0.1642441888087749,computed,-0.009287244939985333,computed,22,decrease,2001-2022,deterministic endpoint change and centered OLS slope,0.111111,0.075472,0.111111,0.058824,0.111111,0.075472,9,53
coastal-wetland-evidence-contract,1.0.0,a4cf9efdecf6735f87d398acc56604e66df26e62f1a2f1e96fafd7791aa3bcc6,Zhuhai,PRD,Salt_Marsh,2001,2022,1.91184639748774,2.77838735636489,0.86654095887715,0.45324821074319954,computed,0.05826850864677472,computed,22,increase,2001-2022,deterministic endpoint change and centered OLS slope,0.888889,0.415094,0.555556,0.411765,0.888889,0.471698,9,53
coastal-wetland-evidence-contract,1.0.0,a4cf9efdecf6735f87d398acc56604e66df26e62f1a2f1e96fafd7791aa3bcc6,Hangzhou,YRD,Salt_Marsh,2001,2022,0.0774728984375,0.331455567792586,0.253982669355086,3.278342161936569,computed,0.0030784090255497553,computed,22,increase,2001-2022,deterministic endpoint change and centered OLS slope,0.272727,0.264151,0.909091,0.803922,0.272727,0.188679,11,53
coastal-wetland-evidence-contract,1.0.0,a4cf9efdecf6735f87d398acc56604e66df26e62f1a2f1e96fafd7791aa3bcc6,Jiaxing,YRD,Salt_Marsh,2001,2022,3.05186555078125,5.01964092723268,1.9677753764514296,0.6447778723239288,computed,0.10561700436258221,computed,22,increase,2001-2022,deterministic endpoint change and centered OLS slope,0.545455,0.603774,0.363636,0.509804,0.545455,0.622642,11,53
coastal-wetland-evidence-contract,1.0.0,a4cf9efdecf6735f87d398acc56604e66df26e62f1a2f1e96fafd7791aa3bcc6,Lianyungang,YRD,Salt_Marsh,2001,2022,4.31913156689453,5.84105060764975,1.52191904075522,0.35236690922325503,computed,0.07936782250850388,computed,22,increase,2001-2022,deterministic endpoint change and centered OLS slope,0.454545,0.566038,0.272727,0.333333,0.454545,0.566038,11,53
coastal-wetland-evidence-contract,1.0.0,a4cf9efdecf6735f87d398acc56604e66df26e62f1a2f1e96fafd7791aa3bcc6,Nantong,YRD,Salt_Marsh,2001,2022,5.05158163006281,9.48643200915671,4.4348503790939,0.8779132366586658,computed,0.30843672631906416,computed,22,increase,2001-2022,deterministic endpoint change and centered OLS slope,0.636364,0.735849,0.545455,0.647059,0.909091,0.849057,11,53
coastal-wetland-evidence-contract,1.0.0,a4cf9efdecf6735f87d398acc56604e66df26e62f1a2f1e96fafd7791aa3bcc6,Ningbo,YRD,Salt_Marsh,2001,2022,3.12174542606464,8.52430219420956,5.402556768144919,1.7306205442112346,computed,0.29460538220867516,computed,22,increase,2001-2022,deterministic endpoint change and centered OLS slope,0.727273,0.773585,0.818182,0.745098,0.818182,0.811321,11,53
coastal-wetland-evidence-contract,1.0.0,a4cf9efdecf6735f87d398acc56604e66df26e62f1a2f1e96fafd7791aa3bcc6,Shanghai_Shi,YRD,Salt_Marsh,2001,2022,5.69481474255131,11.102060829002,5.407246086450689,0.949503422130324,computed,0.2064736113482752,computed,22,increase,2001-2022,deterministic endpoint change and centered OLS slope,0.818182,0.792453,0.636364,0.686275,0.636364,0.716981,11,53
coastal-wetland-evidence-contract,1.0.0,a4cf9efdecf6735f87d398acc56604e66df26e62f1a2f1e96fafd7791aa3bcc6,Shaoxing,YRD,Salt_Marsh,2001,2022,1.2178797764591,1.32218106922488,0.10430129276578004,0.08564169861579336,computed,-0.03562066705168645,computed,22,increase,2001-2022,deterministic endpoint change and centered OLS slope,0.181818,0.169811,0.181818,0.137255,0.181818,0.037736,11,53
coastal-wetland-evidence-contract,1.0.0,a4cf9efdecf6735f87d398acc56604e66df26e62f1a2f1e96fafd7791aa3bcc6,Taizhou,YRD,Salt_Marsh,2001,2022,8.44719110105315,14.242087571201,5.794896470147851,0.6860146054261013,computed,0.28170937427191345,computed,22,increase,2001-2022,deterministic endpoint change and centered OLS slope,0.909091,0.830189,0.454545,0.54902,0.727273,0.792453,11,53
coastal-wetland-evidence-contract,1.0.0,a4cf9efdecf6735f87d398acc56604e66df26e62f1a2f1e96fafd7791aa3bcc6,Wenzhou,YRD,Salt_Marsh,2001,2022,6.18014877761182,15.451614872706,9.27146609509418,1.5002011163033733,computed,0.5228962930823314,computed,22,increase,2001-2022,deterministic endpoint change and centered OLS slope,1.0,0.924528,0.727273,0.72549,1.0,0.924528,11,53
coastal-wetland-evidence-contract,1.0.0,a4cf9efdecf6735f87d398acc56604e66df26e62f1a2f1e96fafd7791aa3bcc6,Yancheng,YRD,Salt_Marsh,2001,2022,10.6056751883846,9.18224840408625,-1.42342678429835,-0.134213688333327,computed,-0.0895510171519644,computed,22,decrease,2001-2022,deterministic endpoint change and centered OLS slope,0.090909,0.037736,0.090909,0.078431,0.090909,0.018868,11,53
coastal-wetland-evidence-contract,1.0.0,a4cf9efdecf6735f87d398acc56604e66df26e62f1a2f1e96fafd7791aa3bcc6,Zhoushan,YRD,Salt_Marsh,2001,2022,0.125243727799479,1.11150081668964,0.9862570888901611,7.874702439943373,computed,0.06570870432634873,computed,22,increase,2001-2022,deterministic endpoint change and centered OLS slope,0.363636,0.471698,1.0,0.901961,0.363636,0.528302,11,53
coastal-wetland-evidence-contract,1.0.0,a4cf9efdecf6735f87d398acc56604e66df26e62f1a2f1e96fafd7791aa3bcc6,Beihai,BBG,Tidal_Flat,2001,2022,11.8590202982,9.25730312305836,-2.6017171751416406,-0.21938719301598103,computed,-0.11369408428008107,computed,22,decrease,2001-2022,deterministic endpoint change and centered OLS slope,0.857143,0.622642,0.428571,0.45098,0.857143,0.660377,7,53
coastal-wetland-evidence-contract,1.0.0,a4cf9efdecf6735f87d398acc56604e66df26e62f1a2f1e96fafd7791aa3bcc6,Fangchenggang,BBG,Tidal_Flat,2001,2022,18.4327375239967,13.1763767949985,-5.2563607289981995,-0.28516441044935376,computed,-0.25970845340849114,computed,22,decrease,2001-2022,deterministic endpoint change and centered OLS slope,0.571429,0.377358,0.285714,0.392157,0.571429,0.396226,7,53
coastal-wetland-evidence-contract,1.0.0,a4cf9efdecf6735f87d398acc56604e66df26e62f1a2f1e96fafd7791aa3bcc6,Hainan_Sheng,BBG,Tidal_Flat,2001,2022,48.8346724789598,40.066320103508,-8.768352375451805,-0.17955178012568038,computed,-0.8274488420461429,computed,22,decrease,2001-2022,deterministic endpoint change and centered OLS slope,0.428571,0.207547,0.571429,0.509804,0.285714,0.132075,7,53
coastal-wetland-evidence-contract,1.0.0,a4cf9efdecf6735f87d398acc56604e66df26e62f1a2f1e96fafd7791aa3bcc6,Maoming,BBG,Tidal_Flat,2001,2022,3.00671960245481,2.49690509339001,-0.5098145090648001,-0.1695583813830084,computed,-0.03693875539017829,computed,22,decrease,2001-2022,deterministic endpoint change and centered OLS slope,1.0,0.698113,0.714286,0.568627,1.0,0.716981,7,53
coastal-wetland-evidence-contract,1.0.0,a4cf9efdecf6735f87d398acc56604e66df26e62f1a2f1e96fafd7791aa3bcc6,Qinzhou,BBG,Tidal_Flat,2001,2022,20.6236051022174,7.29404576204043,-13.32955934017697,-0.6463253768733095,computed,-0.7295600685866008,computed,22,decrease,2001-2022,deterministic endpoint change and centered OLS slope,0.285714,0.150943,0.142857,0.019608,0.428571,0.150943,7,53
coastal-wetland-evidence-contract,1.0.0,a4cf9efdecf6735f87d398acc56604e66df26e62f1a2f1e96fafd7791aa3bcc6,Yangjiang,BBG,Tidal_Flat,2001,2022,27.4874221716069,24.3526824440909,-3.1347397275160027,-0.11404269588997794,computed,-0.24378715653024563,computed,22,decrease,2001-2022,deterministic endpoint change and centered OLS slope,0.714286,0.584906,1.0,0.666667,0.714286,0.433962,7,53
coastal-wetland-evidence-contract,1.0.0,a4cf9efdecf6735f87d398acc56604e66df26e62f1a2f1e96fafd7791aa3bcc6,Zhanjiang,BBG,Tidal_Flat,2001,2022,108.013857290963,93.4508055647064,-14.563051726256603,-0.13482577228056297,computed,-1.1078016376639288,computed,22,decrease,2001-2022,deterministic endpoint change and centered OLS slope,0.142857,0.113208,0.857143,0.627451,0.142857,0.113208,7,53
coastal-wetland-evidence-contract,1.0.0,a4cf9efdecf6735f87d398acc56604e66df26e62f1a2f1e96fafd7791aa3bcc6,Binzhou,BYS,Tidal_Flat,2001,2022,11.8926363701995,11.642177582441,-0.2504587877585003,-0.021059988715882917,computed,-0.007496091953576148,computed,22,decrease,2001-2022,deterministic endpoint change and centered OLS slope,0.764706,0.754717,0.823529,0.784314,0.764706,0.792453,17,53
coastal-wetland-evidence-contract,1.0.0,a4cf9efdecf6735f87d398acc56604e66df26e62f1a2f1e96fafd7791aa3bcc6,Cangzhou,BYS,Tidal_Flat,2001,2022,0.992279215418199,1.029419022482,0.037139807063800934,0.037428786662782466,computed,0.014446012868002766,computed,22,increase,2001-2022,deterministic endpoint change and centered OLS slope,0.941176,0.867925,0.941176,0.882353,0.882353,0.924528,17,53
coastal-wetland-evidence-contract,1.0.0,a4cf9efdecf6735f87d398acc56604e66df26e62f1a2f1e96fafd7791aa3bcc6,Dalian,BYS,Tidal_Flat,2001,2022,295.564036360796,187.407418717862,-108.15661764293404,-0.36593294290685247,computed,-6.1046742172126365,computed,22,decrease,2001-2022,deterministic endpoint change and centered OLS slope,0.058824,0.018868,0.235294,0.176471,0.058824,0.018868,17,53
coastal-wetland-evidence-contract,1.0.0,a4cf9efdecf6735f87d398acc56604e66df26e62f1a2f1e96fafd7791aa3bcc6,Dandong,BYS,Tidal_Flat,2001,2022,69.7311149788248,66.1465148990357,-3.584600079789112,-0.051406034176818265,computed,-0.14454988528140006,computed,22,decrease,2001-2022,deterministic endpoint change and centered OLS slope,0.529412,0.528302,0.764706,0.764706,0.647059,0.603774,17,53
coastal-wetland-evidence-contract,1.0.0,a4cf9efdecf6735f87d398acc56604e66df26e62f1a2f1e96fafd7791aa3bcc6,Dongying,BYS,Tidal_Flat,2001,2022,138.938139723932,96.5050317832276,-42.43310794070442,-0.3054100769235745,computed,-2.1253183791704737,computed,22,decrease,2001-2022,deterministic endpoint change and centered OLS slope,0.176471,0.056604,0.470588,0.333333,0.176471,0.056604,17,53
coastal-wetland-evidence-contract,1.0.0,a4cf9efdecf6735f87d398acc56604e66df26e62f1a2f1e96fafd7791aa3bcc6,Huludao,BYS,Tidal_Flat,2001,2022,25.6301094703298,18.0149405388615,-7.6151689314683,-0.29711808060296635,computed,-0.5788433791600771,computed,22,decrease,2001-2022,deterministic endpoint change and centered OLS slope,0.352941,0.245283,0.529412,0.372549,0.352941,0.207547,17,53
coastal-wetland-evidence-contract,1.0.0,a4cf9efdecf6735f87d398acc56604e66df26e62f1a2f1e96fafd7791aa3bcc6,Jinzhou,BYS,Tidal_Flat,2001,2022,13.1906330369639,9.06975779608421,-4.120875240879691,-0.3124092095756002,computed,-0.23414211203672938,computed,22,decrease,2001-2022,deterministic endpoint change and centered OLS slope,0.470588,0.509434,0.411765,0.294118,0.470588,0.45283,17,53
coastal-wetland-evidence-contract,1.0.0,a4cf9efdecf6735f87d398acc56604e66df26e62f1a2f1e96fafd7791aa3bcc6,Panjin,BYS,Tidal_Flat,2001,2022,73.5464236693474,50.2625152573906,-23.2839084119568,-0.31658790802170633,computed,-1.435868099940657,computed,22,decrease,2001-2022,deterministic endpoint change and centered OLS slope,0.235294,0.075472,0.352941,0.27451,0.235294,0.075472,17,53
coastal-wetland-evidence-contract,1.0.0,a4cf9efdecf6735f87d398acc56604e66df26e62f1a2f1e96fafd7791aa3bcc6,Qingdao,BYS,Tidal_Flat,2001,2022,18.4149899895795,15.1932214952742,-3.2217684943052998,-0.17495358379930717,computed,-0.1571957593626359,computed,22,decrease,2001-2022,deterministic endpoint change and centered OLS slope,0.647059,0.566038,0.647059,0.529412,0.529412,0.566038,17,53
coastal-wetland-evidence-contract,1.0.0,a4cf9efdecf6735f87d398acc56604e66df26e62f1a2f1e96fafd7791aa3bcc6,Qinhuangdao,BYS,Tidal_Flat,2001,2022,7.26992762124693,8.42515421372549,1.1552265924785594,0.1589048272093273,computed,0.09850161730933689,computed,22,increase,2001-2022,deterministic endpoint change and centered OLS slope,1.0,0.981132,1.0,0.960784,0.941176,0.962264,17,53
coastal-wetland-evidence-contract,1.0.0,a4cf9efdecf6735f87d398acc56604e66df26e62f1a2f1e96fafd7791aa3bcc6,Rizhao,BYS,Tidal_Flat,2001,2022,0.30491427053079,0.226122062605316,-0.078792207925474,-0.25840774125892424,computed,-0.0015808600361607338,computed,22,decrease,2001-2022,deterministic endpoint change and centered OLS slope,0.882353,0.792453,0.588235,0.411765,0.823529,0.811321,17,53
coastal-wetland-evidence-contract,1.0.0,a4cf9efdecf6735f87d398acc56604e66df26e62f1a2f1e96fafd7791aa3bcc6,Tangshan,BYS,Tidal_Flat,2001,2022,17.0229887566273,10.5723827947726,-6.4506059618546985,-0.3789349833966954,computed,-0.28555548608680925,computed,22,decrease,2001-2022,deterministic endpoint change and centered OLS slope,0.411765,0.339623,0.176471,0.137255,0.411765,0.358491,17,53
coastal-wetland-evidence-contract,1.0.0,a4cf9efdecf6735f87d398acc56604e66df26e62f1a2f1e96fafd7791aa3bcc6,Tianjin_Shi,BYS,Tidal_Flat,2001,2022,4.7850797738243,2.81407422743758,-1.9710055463867202,-0.4119065176653191,computed,0.10033270535718701,computed,22,decrease,2001-2022,deterministic endpoint change and centered OLS slope,0.705882,0.641509,0.058824,0.098039,1.0,0.981132,17,53
coastal-wetland-evidence-contract,1.0.0,a4cf9efdecf6735f87d398acc56604e66df26e62f1a2f1e96fafd7791aa3bcc6,Weifang,BYS,Tidal_Flat,2001,2022,241.831835745165,164.772420805368,-77.059414939797,-0.3186487614517381,computed,-3.607275297731975,computed,22,decrease,2001-2022,deterministic endpoint change and centered OLS slope,0.117647,0.037736,0.294118,0.235294,0.117647,0.037736,17,53
coastal-wetland-evidence-contract,1.0.0,a4cf9efdecf6735f87d398acc56604e66df26e62f1a2f1e96fafd7791aa3bcc6,Weihai,BYS,Tidal_Flat,2001,2022,20.5889885363626,17.3428337482939,-3.2461547880687007,-0.15766460709498215,computed,-0.15412997244341387,computed,22,decrease,2001-2022,deterministic endpoint change and centered OLS slope,0.588235,0.54717,0.705882,0.588235,0.588235,0.584906,17,53
coastal-wetland-evidence-contract,1.0.0,a4cf9efdecf6735f87d398acc56604e66df26e62f1a2f1e96fafd7791aa3bcc6,Yantai,BYS,Tidal_Flat,2001,2022,53.3819531994335,32.9671842193934,-20.414768980040094,-0.38242828814770197,computed,-1.2517150923733313,computed,22,decrease,2001-2022,deterministic endpoint change and centered OLS slope,0.294118,0.09434,0.117647,0.117647,0.294118,0.09434,17,53
coastal-wetland-evidence-contract,1.0.0,a4cf9efdecf6735f87d398acc56604e66df26e62f1a2f1e96fafd7791aa3bcc6,Yingkou,BYS,Tidal_Flat,2001,2022,13.80544896803,13.6872258938687,-0.11822307416129973,-0.008563508107202822,computed,-0.06393468742395454,computed,22,decrease,2001-2022,deterministic endpoint change and centered OLS slope,0.823529,0.773585,0.882353,0.823529,0.705882,0.679245,17,53
coastal-wetland-evidence-contract,1.0.0,a4cf9efdecf6735f87d398acc56604e66df26e62f1a2f1e96fafd7791aa3bcc6,Chaozhou,HX,Tidal_Flat,2001,2022,3.08057635600874,3.42976471071538,0.3491883547066399,0.11335163110810073,computed,0.002581332218360053,computed,22,increase,2001-2022,deterministic endpoint change and centered OLS slope,0.888889,0.924528,0.888889,0.941176,1.0,0.886792,9,53
coastal-wetland-evidence-contract,1.0.0,a4cf9efdecf6735f87d398acc56604e66df26e62f1a2f1e96fafd7791aa3bcc6,Fuzhou,HX,Tidal_Flat,2001,2022,58.188395001915,53.0896537736252,-5.098741228289796,-0.08762470984329428,computed,-0.4237633310292649,computed,22,decrease,2001-2022,deterministic endpoint change and centered OLS slope,0.333333,0.415094,0.555556,0.705882,0.222222,0.264151,9,53
coastal-wetland-evidence-contract,1.0.0,a4cf9efdecf6735f87d398acc56604e66df26e62f1a2f1e96fafd7791aa3bcc6,Jieyang,HX,Tidal_Flat,2001,2022,0.463789169301471,0.465923605533854,0.0021344362323829635,0.004602169204592923,computed,-0.0006076317217981536,computed,22,increase,2001-2022,deterministic endpoint change and centered OLS slope,0.777778,0.849057,0.777778,0.843137,0.888889,0.830189,9,53
coastal-wetland-evidence-contract,1.0.0,a4cf9efdecf6735f87d398acc56604e66df26e62f1a2f1e96fafd7791aa3bcc6,Ningde,HX,Tidal_Flat,2001,2022,53.325096135279,46.7159564792665,-6.609139656012495,-0.12394051084776193,computed,-0.16211033949319537,computed,22,decrease,2001-2022,deterministic endpoint change and centered OLS slope,0.222222,0.320755,0.444444,0.647059,0.555556,0.54717,9,53
coastal-wetland-evidence-contract,1.0.0,a4cf9efdecf6735f87d398acc56604e66df26e62f1a2f1e96fafd7791aa3bcc6,Putian,HX,Tidal_Flat,2001,2022,17.5081806459636,14.8827214823146,-2.6254591636489977,-0.14995613860394347,computed,-0.11400217018818819,computed,22,decrease,2001-2022,deterministic endpoint change and centered OLS slope,0.666667,0.603774,0.333333,0.607843,0.666667,0.641509,9,53
coastal-wetland-evidence-contract,1.0.0,a4cf9efdecf6735f87d398acc56604e66df26e62f1a2f1e96fafd7791aa3bcc6,Quanzhou,HX,Tidal_Flat,2001,2022,34.8223129649472,27.9112689739316,-6.911043991015603,-0.1984659662892695,computed,-0.35704461795010384,computed,22,decrease,2001-2022,deterministic endpoint change and centered OLS slope,0.111111,0.264151,0.222222,0.490196,0.333333,0.301887,9,53
coastal-wetland-evidence-contract,1.0.0,a4cf9efdecf6735f87d398acc56604e66df26e62f1a2f1e96fafd7791aa3bcc6,Shantou,HX,Tidal_Flat,2001,2022,5.24921224706648,6.10439780122548,0.8551855541590001,0.16291693189524203,computed,-0.025473003510832808,computed,22,increase,2001-2022,deterministic endpoint change and centered OLS slope,1.0,0.962264,1.0,0.980392,0.777778,0.754717,9,53
coastal-wetland-evidence-contract,1.0.0,a4cf9efdecf6735f87d398acc56604e66df26e62f1a2f1e96fafd7791aa3bcc6,Xiamen,HX,Tidal_Flat,2001,2022,10.7992673245634,5.87954799807752,-4.919719326485881,-0.4555604726346357,computed,-0.27614564630298405,computed,22,decrease,2001-2022,deterministic endpoint change and centered OLS slope,0.555556,0.45283,0.111111,0.078431,0.444444,0.377358,9,53
coastal-wetland-evidence-contract,1.0.0,a4cf9efdecf6735f87d398acc56604e66df26e62f1a2f1e96fafd7791aa3bcc6,Zhangzhou,HX,Tidal_Flat,2001,2022,62.8718790627066,57.8041495535577,-5.067729509148897,-0.08060407267443828,computed,-0.7178428431793478,computed,22,decrease,2001-2022,deterministic endpoint change and centered OLS slope,0.444444,0.433962,0.666667,0.72549,0.111111,0.169811,9,53
coastal-wetland-evidence-contract,1.0.0,a4cf9efdecf6735f87d398acc56604e66df26e62f1a2f1e96fafd7791aa3bcc6,Dongguan,PRD,Tidal_Flat,2001,2022,2.17878535261183,2.35417374505591,0.17538839244408022,0.08049824285528287,computed,0.0031119629586808194,computed,22,increase,2001-2022,deterministic endpoint change and centered OLS slope,0.777778,0.90566,0.777778,0.901961,0.777778,0.90566,9,53
coastal-wetland-evidence-contract,1.0.0,a4cf9efdecf6735f87d398acc56604e66df26e62f1a2f1e96fafd7791aa3bcc6,Guangzhou,PRD,Tidal_Flat,2001,2022,3.5946913139208,2.50175274252451,-1.09293857139629,-0.3040423991800844,computed,-0.02758180669867975,computed,22,decrease,2001-2022,deterministic endpoint change and centered OLS slope,0.222222,0.660377,0.222222,0.352941,0.555556,0.735849,9,53
coastal-wetland-evidence-contract,1.0.0,a4cf9efdecf6735f87d398acc56604e66df26e62f1a2f1e96fafd7791aa3bcc6,Hong_Kong,PRD,Tidal_Flat,2001,2022,17.4099845398897,17.9832571426049,0.5732726027151998,0.0329278065354808,computed,-0.1331122481588622,computed,22,increase,2001-2022,deterministic endpoint change and centered OLS slope,0.888889,0.943396,0.666667,0.862745,0.333333,0.622642,9,53
coastal-wetland-evidence-contract,1.0.0,a4cf9efdecf6735f87d398acc56604e66df26e62f1a2f1e96fafd7791aa3bcc6,Huizhou,PRD,Tidal_Flat,2001,2022,16.0653609933632,15.7630025795917,-0.3023584137715005,-0.018820517876716777,computed,-0.19382906547222012,computed,22,decrease,2001-2022,deterministic endpoint change and centered OLS slope,0.555556,0.735849,0.555556,0.803922,0.222222,0.490566,9,53
coastal-wetland-evidence-contract,1.0.0,a4cf9efdecf6735f87d398acc56604e66df26e62f1a2f1e96fafd7791aa3bcc6,Jiangmen,PRD,Tidal_Flat,2001,2022,26.5343586749272,17.5172923974916,-9.0170662774356,-0.33982604923313975,computed,-0.3559124240541761,computed,22,decrease,2001-2022,deterministic endpoint change and centered OLS slope,0.111111,0.188679,0.111111,0.215686,0.111111,0.320755,9,53
coastal-wetland-evidence-contract,1.0.0,a4cf9efdecf6735f87d398acc56604e66df26e62f1a2f1e96fafd7791aa3bcc6,Shanwei,PRD,Tidal_Flat,2001,2022,8.91925252046185,11.1760485517655,2.256796031303651,0.2530252424321754,computed,0.11854761084289962,computed,22,increase,2001-2022,deterministic endpoint change and centered OLS slope,1.0,1.0,1.0,1.0,1.0,1.0,9,53
coastal-wetland-evidence-contract,1.0.0,a4cf9efdecf6735f87d398acc56604e66df26e62f1a2f1e96fafd7791aa3bcc6,Shenzhen,PRD,Tidal_Flat,2001,2022,5.75117860606235,5.44774767313879,-0.30343093292356027,-0.05275978259546869,computed,-0.05323949317703031,computed,22,decrease,2001-2022,deterministic endpoint change and centered OLS slope,0.444444,0.716981,0.444444,0.745098,0.444444,0.698113,9,53
coastal-wetland-evidence-contract,1.0.0,a4cf9efdecf6735f87d398acc56604e66df26e62f1a2f1e96fafd7791aa3bcc6,Zhongshan,PRD,Tidal_Flat,2001,2022,1.35924365295267,1.49071897838925,0.13147532543658014,0.09672682682827155,computed,0.03567184444314617,computed,22,increase,2001-2022,deterministic endpoint change and centered OLS slope,0.666667,0.886792,0.888889,0.921569,0.888889,0.943396,9,53
coastal-wetland-evidence-contract,1.0.0,a4cf9efdecf6735f87d398acc56604e66df26e62f1a2f1e96fafd7791aa3bcc6,Zhuhai,PRD,Tidal_Flat,2001,2022,8.39952742269839,7.47311459117648,-0.9264128315219091,-0.11029344686921619,computed,-0.019799191976789317,computed,22,decrease,2001-2022,deterministic endpoint change and centered OLS slope,0.333333,0.679245,0.333333,0.686275,0.666667,0.773585,9,53
coastal-wetland-evidence-contract,1.0.0,a4cf9efdecf6735f87d398acc56604e66df26e62f1a2f1e96fafd7791aa3bcc6,Hangzhou,YRD,Tidal_Flat,2001,2022,0.0,0.0,0.0,,undefined_zero_start,0.0,computed,22,stable,2001-2022,deterministic endpoint change and centered OLS slope,0.954545,0.820755,,,0.954545,0.858491,11,53
coastal-wetland-evidence-contract,1.0.0,a4cf9efdecf6735f87d398acc56604e66df26e62f1a2f1e96fafd7791aa3bcc6,Jiaxing,YRD,Tidal_Flat,2001,2022,17.2420444462776,8.50753466602711,-8.73450978025049,-0.5065820243919038,computed,-0.5106773763085896,computed,22,decrease,2001-2022,deterministic endpoint change and centered OLS slope,0.272727,0.226415,0.111111,0.039216,0.181818,0.226415,11,53
coastal-wetland-evidence-contract,1.0.0,a4cf9efdecf6735f87d398acc56604e66df26e62f1a2f1e96fafd7791aa3bcc6,Lianyungang,YRD,Tidal_Flat,2001,2022,19.8334771947381,13.0101044837623,-6.823372710975802,-0.34403310342303817,computed,-0.37186985289768865,computed,22,decrease,2001-2022,deterministic endpoint change and centered OLS slope,0.454545,0.301887,0.444444,0.196078,0.363636,0.283019,11,53
coastal-wetland-evidence-contract,1.0.0,a4cf9efdecf6735f87d398acc56604e66df26e62f1a2f1e96fafd7791aa3bcc6,Nantong,YRD,Tidal_Flat,2001,2022,11.5082453763902,5.97231450778952,-5.53593086860068,-0.4810403921311886,computed,-0.28588770619386794,computed,22,decrease,2001-2022,deterministic endpoint change and centered OLS slope,0.545455,0.358491,0.222222,0.058824,0.454545,0.339623,11,53
coastal-wetland-evidence-contract,1.0.0,a4cf9efdecf6735f87d398acc56604e66df26e62f1a2f1e96fafd7791aa3bcc6,Ningbo,YRD,Tidal_Flat,2001,2022,33.63222668912,23.1289115201402,-10.503315168979803,-0.3122991310110792,computed,-0.47781372874853106,computed,22,decrease,2001-2022,deterministic endpoint change and centered OLS slope,0.181818,0.169811,0.666667,0.313725,0.272727,0.245283,11,53
coastal-wetland-evidence-contract,1.0.0,a4cf9efdecf6735f87d398acc56604e66df26e62f1a2f1e96fafd7791aa3bcc6,Shanghai_Shi,YRD,Tidal_Flat,2001,2022,11.5745034404872,7.266020546695,-4.308482893792201,-0.37223911297319945,computed,-0.16932994990444786,computed,22,decrease,2001-2022,deterministic endpoint change and centered OLS slope,0.818182,0.490566,0.333333,0.156863,0.727273,0.509434,11,53
coastal-wetland-evidence-contract,1.0.0,a4cf9efdecf6735f87d398acc56604e66df26e62f1a2f1e96fafd7791aa3bcc6,Shaoxing,YRD,Tidal_Flat,2001,2022,0.0,0.0,0.0,,undefined_zero_start,0.0,computed,22,stable,2001-2022,deterministic endpoint change and centered OLS slope,0.954545,0.820755,,,0.954545,0.858491,11,53
coastal-wetland-evidence-contract,1.0.0,a4cf9efdecf6735f87d398acc56604e66df26e62f1a2f1e96fafd7791aa3bcc6,Taizhou,YRD,Tidal_Flat,2001,2022,21.7897425697074,16.5693287606656,-5.220413809041801,-0.23958125215757897,computed,-0.2539526787735187,computed,22,decrease,2001-2022,deterministic endpoint change and centered OLS slope,0.636364,0.396226,0.777778,0.431373,0.545455,0.415094,11,53
coastal-wetland-evidence-contract,1.0.0,a4cf9efdecf6735f87d398acc56604e66df26e62f1a2f1e96fafd7791aa3bcc6,Wenzhou,YRD,Tidal_Flat,2001,2022,31.7736074974111,24.8777644211627,-6.895843076248401,-0.21703053632831182,computed,-0.22382146438276634,computed,22,decrease,2001-2022,deterministic endpoint change and centered OLS slope,0.363636,0.283019,0.888889,0.470588,0.636364,0.471698,11,53
coastal-wetland-evidence-contract,1.0.0,a4cf9efdecf6735f87d398acc56604e66df26e62f1a2f1e96fafd7791aa3bcc6,Yancheng,YRD,Tidal_Flat,2001,2022,43.2891438570006,29.5265012211933,-13.762642635807303,-0.3179236503560845,computed,-0.6383110938787863,computed,22,decrease,2001-2022,deterministic endpoint change and centered OLS slope,0.090909,0.132075,0.555556,0.254902,0.090909,0.188679,11,53
coastal-wetland-evidence-contract,1.0.0,a4cf9efdecf6735f87d398acc56604e66df26e62f1a2f1e96fafd7791aa3bcc6,Zhoushan,YRD,Tidal_Flat,2001,2022,27.2523548059168,22.5488086173656,-4.703546188551197,-0.17259228503549365,computed,-0.16405227508198608,computed,22,decrease,2001-2022,deterministic endpoint change and centered OLS slope,0.727273,0.471698,1.0,0.54902,0.818182,0.528302,11,53
